ID,Society_name_EA,EA_ID corresponding to Ember concordance database,HRAF_ID (OWC),eHRAF Name,# in SCCS (same time/place focus)?,# in SCCS (different time/place focus),SCCS Name,StdLng_ID_Claire_Bowern_Aus_database,Name_Claire_Bowern_Aus_database,Binford_ID,Name_Binford,Notes_EA_Binford_match,,,,,
Id7,Murinbata,Id07,NA,NA,NA,NA,NA,NA,NA,NA,NA,NA,,,,,
Ig15,Bakovi,Ig15,NA,NA,NA,NA,NA,NA,NA,NA,NA,NA,,,,,
Eh10,Betsileo,Eh10,NA,NA,NA,NA,NA,NA,NA,NA,NA,NA,,,,,
Ia17,Bilaan,Ia17,NA,NA,NA,NA,NA,NA,NA,NA,NA,NA,,,,,
Ia18,Bisayan,Ia18,NA,NA,NA,NA,NA,NA,NA,NA,NA,NA,,,,,
Ig16,Bwaidoga,Ig16,NA,NA,NA,NA,NA,NA,NA,NA,NA,NA,,,,,
Ih12,Eromangans,Ih12,NA,NA,NA,NA,NA,NA,NA,NA,NA,NA,,,,,
Ic13,Kodi,Ic13,NA,NA,NA,NA,NA,NA,NA,NA,NA,NA,,,,,
Ig17,Koobe,Ig17,NA,NA,NA,NA,NA,NA,NA,NA,NA,NA,,,,,
Ei20,Kuki,Ei20,NA,NA,NA,NA,NA,NA,NA,NA,NA,NA,,,,,
Ig18,Kwaio,Ig18,NA,NA,NA,NA,NA,NA,NA,NA,NA,NA,,,,,
Ig19,Molima,Ig19,NA,NA,NA,NA,NA,NA,NA,NA,NA,NA,,,,,
If10,Nomoians,If10,NA,NA,NA,NA,NA,NA,NA,NA,NA,NA,,,,,
Ib9,Punan,Ib09,NA,NA,NA,NA,NA,NA,NA,NA,NA,NA,,,,,
Ig8,Simboese,Ig08,NA,NA,NA,NA,NA,NA,NA,NA,NA,NA,,,,,
Ie34,Bgu,Ie34,NA,NA,NA,NA,NA,NA,NA,NA,NA,NA,,,,,
Ih11,Epi,Ih11,NA,NA,NA,NA,NA,NA,NA,NA,NA,NA,,,,,
Ih13,Ranon,Ih13,NA,NA,NA,NA,NA,NA,NA,NA,NA,NA,,,,,
Ie36,Samarokena,Ie36,NA,NA,NA,NA,NA,NA,NA,NA,NA,NA,,,,,
Ie37,Star Mountain,Ie37,NA,NA,NA,NA,NA,NA,NA,NA,NA,NA,,,,,
Ab21b,Bomvana,Ab21b,NA,NA,NA,NA,NA,NA,NA,NA,NA,NA,,,,,
Ac43,Mambwe,Ac43,NA,NA,NA,NA,NA,NA,NA,NA,NA,NA,,,,,
Ef10,Bihari,Ef10,AW02,Bihar,NA,NA,NA,NA,NA,NA,NA,NA,,,,,
Ca43,Hadendowa,Ca43,NA,NA,NA,NA,NA,NA,NA,NA,NA,NA,,,,,
Ee7,Kachari,Ee07,NA,NA,NA,NA,NA,NA,NA,NA,NA,NA,,,,,
Ch10,Romanians,Ch10,NA,NA,NA,NA,NA,NA,NA,NA,NA,NA,,,,,
Ni8,Opata,Ni08,NA,NA,NA,NA,NA,NA,NA,NA,NA,NA,,,,,
Ni9,Tepehuan,Ni09,NA,NA,NA,NA,NA,NA,NA,NA,NA,NA,,,,,
Ng13,Abnaki,Ng13,NA,NA,NA,NA,NA,NA,NA,NA,NA,NA,,,,,
Ef3,Aryans,Ef03,NA,NA,NA,NA,NA,NA,NA,NA,NA,NA,,,,,
Si9,Aueto,Si09,NA,NA,NA,NA,NA,NA,NA,NA,NA,NA,,,,,
Ed16,Cantonese,Ed16,NA,NA,NA,NA,NA,NA,NA,NA,NA,NA,,,,,
Ng14,Chickasaw,Ng14,NA,NA,NA,NA,NA,NA,NA,NA,NA,NA,,,,,
Ng15,Chitimacha,Ng15,NA,NA,NA,NA,NA,NA,NA,NA,NA,NA,,,,,
Ab22,Chopi,Ab22,NA,NA,NA,NA,NA,NA,NA,NA,NA,NA,,,,,
Ne21,Coahuilteco,Ne21,NA,NA,NA,NA,NA,NA,NA,B194,Coahuilenos,NA,,,,,
Sa14,Guaymi,Sa14,NA,NA,NA,NA,NA,NA,NA,NA,NA,NA,,,,,
Nj11,Huastec,Nj11,NA,NA,NA,NA,NA,NA,NA,NA,NA,NA,,,,,
Ai4,Ingassana,Ai04,NA,NA,NA,NA,NA,NA,NA,NA,NA,NA,,,,,
Ed13,Ishigakians,Ed13,NA,NA,NA,NA,NA,NA,NA,NA,NA,NA,,,,,
Sa15,Jacaltec,Sa15,NA,NA,NA,NA,NA,NA,NA,NA,NA,NA,,,,,
Sa16,Jicaque,Sa16,NA,NA,NA,NA,NA,NA,NA,NA,NA,NA,,,,,
Aj30,Karamojong,Aj30,NA,NA,NA,NA,NA,NA,NA,NA,NA,NA,,,,,
Eg12,Khond,Eg12,NA,NA,NA,NA,NA,NA,NA,NA,NA,NA,,,,,
Nf15,Kickapoo,Nf15,NA,NA,NA,NA,NA,NA,NA,NA,NA,NA,,,,,
Ed14,Man,Ed14,NA,NA,NA,NA,NA,NA,NA,NA,NA,NA,,,,,
Nj5,Mazateco,Nj05,NA,NA,NA,NA,NA,NA,NA,NA,NA,NA,,,,,
Ei17,Mikir,Ei17,NA,NA,NA,NA,NA,NA,NA,NA,NA,NA,,,,,
Nj12,Mixtec,Nj12,NA,NA,NA,NA,NA,NA,NA,NA,NA,NA,,,,,
Ed15a,Miyakans,Ed15a,NA,NA,NA,NA,NA,NA,NA,NA,NA,NA,,,,,
Sb3,Motilon,Sb03,NA,NA,NA,NA,NA,NA,NA,NA,NA,NA,,,,,
Nj13,Otomi,Nj13,NA,NA,NA,NA,NA,NA,NA,NA,NA,NA,,,,,
Aj31,Pari,Aj31,NA,NA,NA,NA,NA,NA,NA,NA,NA,NA,,,,,
Sf8,Piro,Sf08,NA,NA,NA,NA,NA,NA,NA,NA,NA,NA,,,,,
Sa17,Pokomam,Sa17,NA,NA,NA,NA,NA,NA,NA,NA,NA,NA,,,,,
Ei15,Rengama,Ei15,NA,NA,NA,NA,NA,NA,NA,NA,NA,NA,,,,,
Sc14,Rucuyen,Sc14,NA,NA,NA,NA,NA,NA,NA,NA,NA,NA,,,,,
Nh26,Santa Clara,Nh26,NA,NA,NA,NA,NA,NA,NA,NA,NA,NA,,,,,
Nh27,Santo Domingo,Nh27,NA,NA,NA,NA,NA,NA,NA,NA,NA,NA,,,,,
Nj14,Tequistlatec,Nj14,NA,NA,NA,NA,NA,NA,NA,NA,NA,NA,,,,,
Se12,Tucano,Se12,SQ19,Tucano,NA,NA,NA,NA,NA,NA,NA,NA,,,,,
Sa2,Tzeltal,Sa02,NV09,Tzeltal,NA,NA,NA,NA,NA,NA,NA,NA,,,,,
Sf9,Uru,Sf09,SF24,Uru,NA,NA,NA,NA,NA,NA,NA,NA,,,,,
Eb8,Uzbek,Eb08,NA,NA,NA,NA,NA,NA,NA,NA,NA,NA,,,,,
Aa4,Bergdama,Aa04,NA,NA,NA,NA,NA,NA,NA,NA,NA,NA,,,,,
Aa9,Hatsa Kindiga,Aa09,NA,NA,9,NA,Hadza,NA,NA,B69,Hadza,NA,,,,,
Aa1,Kung  ,Aa01,FX10,San,2,NA,Kung,NA,NA,NA,NA,NA,,,,,
Aa3,Nama,Aa03,FX13,Hottentot,1,NA,Nama or Namaqua,NA,NA,NA,NA,NA,,,,,
Aa7,Naron,Aa07,NA,NA,NA,NA,NA,NA,NA,B73,Nharo,NA,,,,,
Aa6,Sandawe,Aa06,NA,NA,NA,NA,NA,NA,NA,NA,NA,NA,,,,,
Aa8,Xam,Aa08,NA,NA,NA,NA,NA,NA,NA,B79,/Xam,NA,,,,,
Ai37,Koalib,Ai37,NA,NA,NA,NA,NA,NA,NA,NA,NA,NA,,,,,
Ai38,Korongo,Ai38,NA,NA,NA,NA,NA,NA,NA,NA,NA,NA,,,,,
Ai39,Mesakin,Ai39,NA,NA,NA,NA,NA,NA,NA,NA,NA,NA,,,,,
Ai40,Moro,Ai40,NA,NA,NA,NA,NA,NA,NA,NA,NA,NA,,,,,
Ai2,Nyaro,Ai02,NA,NA,NA,NA,NA,NA,NA,NA,NA,NA,,,,,
Ai10,Otoro,Ai10,NA,NA,30,NA,Otoro,NA,NA,NA,NA,NA,,,,,
Ai41,Tira,Ai41,NA,NA,NA,NA,NA,NA,NA,NA,NA,NA,,,,,
Ai42,Tullishi,Ai42,NA,NA,NA,NA,NA,NA,NA,NA,NA,NA,,,,,
Ag14,Baga,Ag14,NA,NA,NA,NA,NA,NA,NA,NA,NA,NA,,,,,
Ag15,Balante,Ag15,NA,NA,NA,NA,NA,NA,NA,NA,NA,NA,,,,,
Ag16,Banyune,Ag16,NA,NA,NA,NA,NA,NA,NA,NA,NA,NA,,,,,
Ag21,Bassari,Ag21,NA,NA,NA,NA,NA,NA,NA,NA,NA,NA,,,,,
Ag17,Biafada,Ag17,NA,NA,NA,NA,NA,NA,NA,NA,NA,NA,,,,,
Ag18,Bijogo,Ag18,NA,NA,NA,NA,NA,NA,NA,NA,NA,NA,,,,,
Ab10,Pondo,Ab10,NA,NA,NA,NA,NA,NA,NA,NA,NA,NA,,,,,
Ag8,Coniagui,Ag08,NA,NA,NA,NA,NA,NA,NA,NA,NA,NA,,,,,
Ag19,Diola,Ag19,NA,NA,NA,NA,NA,NA,NA,NA,NA,NA,,,,,
Ac21,Bunda,Ac21,NA,NA,NA,NA,NA,NA,NA,NA,NA,NA,,,,,
Ac29,Luwa,Ac29,NA,NA,NA,NA,NA,NA,NA,NA,NA,NA,,,,,
Af55,Gola,Af55,NA,NA,NA,NA,NA,NA,NA,NA,NA,NA,,,,,
Af2,Kissi,Af02,NA,NA,NA,NA,NA,NA,NA,NA,NA,NA,,,,,
Ac31,Buye,Ac31,NA,NA,NA,NA,NA,NA,NA,NA,NA,NA,,,,,
Ag20,Pepel,Ag20,NA,NA,NA,NA,NA,NA,NA,NA,NA,NA,,,,,
Ag22,Serer,Ag22,NA,NA,NA,NA,NA,NA,NA,NA,NA,NA,,,,,
Af14,Sherbro,Af14,NA,NA,NA,NA,NA,NA,NA,NA,NA,NA,,,,,
Af57,Temne,Af57,NA,NA,NA,NA,NA,NA,NA,NA,NA,NA,,,,,
Cb23,Tukulor,Cb23,NA,NA,NA,NA,NA,NA,NA,NA,NA,NA,,,,,
Cb24,Wodaabe Fulani,Cb24,NA,NA,25,NA,Fulani,NA,NA,NA,NA,NA,,,,,
Cb2,Wolof,Cb02,MS30,Wolof,21,NA,Wolof,NA,NA,NA,NA,NA,,,,,
Ae1,Amba,Ae01,NA,NA,NA,NA,NA,NA,NA,NA,NA,NA,,,,,
Ab19,Ambo,Ab19,NA,NA,NA,NA,NA,NA,NA,NA,NA,NA,,,,,
Ah9,Anaguta,Ah09,NA,NA,NA,NA,NA,NA,NA,NA,NA,NA,,,,,
Ae7,Babwa,Ae07,NA,NA,NA,NA,NA,NA,NA,NA,NA,NA,,,,,
Ae48,Bafia,Ae48,NA,NA,NA,NA,NA,NA,NA,NA,NA,NA,,,,,
Ad1,Bajun,Ad01,NA,NA,NA,NA,NA,NA,NA,NA,NA,NA,,,,,
Ae49,Bali,Ae49,NA,NA,NA,NA,NA,NA,NA,NA,NA,NA,,,,,
Ad41,Vugusu,Ad41,NA,NA,NA,NA,NA,NA,NA,NA,NA,NA,,,,,
Ae50,Bamum,Ae50,NA,NA,NA,NA,NA,NA,NA,NA,NA,NA,,,,,
Ae51,Banen,Ae51,NA,NA,15,NA,Banen or Banyin,NA,NA,NA,NA,NA,,,,,
Af16,Banyang,Af16,NA,NA,NA,NA,NA,NA,NA,NA,NA,NA,,,,,
Ah11,Basa,Ah11,NA,NA,NA,NA,NA,NA,NA,NA,NA,NA,,,,,
Ah12,Basakomo,Ah12,NA,NA,NA,NA,NA,NA,NA,NA,NA,NA,,,,,
Ae13,Bashi,Ae13,NA,NA,NA,NA,NA,NA,NA,NA,NA,NA,,,,,
Ac3,Bemba,Ac03,FQ05,Bemba,7,NA,Bemba or Awemba,NA,NA,NA,NA,NA,,,,,
Ad11,Bena,Ad11,FN31,NA,NA,NA,NA,NA,NA,NA,NA,NA,,,,,
Ad18,Bende,Ad18,NA,NA,NA,NA,NA,NA,NA,NA,NA,NA,,,,,
Ae30,Bira,Ae30,NA,NA,NA,NA,NA,NA,NA,NA,NA,NA,,,,,
Ah17,Birom,Ah17,NA,NA,NA,NA,NA,NA,NA,NA,NA,NA,,,,,
Af17,Boki,Af17,NA,NA,NA,NA,NA,NA,NA,NA,NA,NA,,,,,
Ae36,Bombesa,Ae36,NA,NA,NA,NA,NA,NA,NA,NA,NA,NA,,,,,
Ah18,Borrom,Ah18,NA,NA,NA,NA,NA,NA,NA,NA,NA,NA,,,,,
Ae44,Bubi,Ae44,NA,NA,NA,NA,NA,NA,NA,NA,NA,NA,,,,,
Ae37,Budja,Ae37,NA,NA,NA,NA,NA,NA,NA,NA,NA,NA,,,,,
Ae31,Budu,Ae31,NA,NA,NA,NA,NA,NA,NA,NA,NA,NA,,,,,
Ae19,Yeke,Ae19,NA,NA,NA,NA,NA,NA,NA,NA,NA,NA,,,,,
Ae2,Kpe,Ae02,NA,NA,NA,NA,NA,NA,NA,NA,NA,NA,,,,,
Ad3,Chagga,Ad03,FN04,Chagga,NA,NA,NA,NA,NA,NA,NA,NA,,,,,
Ah10,Chawai,Ah10,NA,NA,NA,NA,NA,NA,NA,NA,NA,NA,,,,,
Ac10,Chewa,Ac10,NA,NA,NA,NA,NA,NA,NA,NA,NA,NA,,,,,
Ad13,Chiga,Ad13,NA,NA,NA,NA,NA,NA,NA,NA,NA,NA,,,,,
Ac12,Chokwe,Ac12,NA,NA,NA,NA,NA,NA,NA,NA,NA,NA,,,,,
Ah13,Dakakari,Ah13,NA,NA,NA,NA,NA,NA,NA,NA,NA,NA,,,,,
Ad30,Digo,Ad30,NA,NA,NA,NA,NA,NA,NA,NA,NA,NA,,,,,
Ae12,Duala,Ae12,NA,NA,NA,NA,NA,NA,NA,NA,NA,NA,,,,,
Ad31,Duruma,Ad31,NA,NA,NA,NA,NA,NA,NA,NA,NA,NA,,,,,
Ae40,Dzem,Ae40,NA,NA,NA,NA,NA,NA,NA,NA,NA,NA,,,,,
Ac22,Dzing,Ac22,NA,NA,NA,NA,NA,NA,NA,NA,NA,NA,,,,,
Af19,Efik,Af19,NA,NA,NA,NA,NA,NA,NA,NA,NA,NA,,,,,
Ae35,Rumbi,Ae35,NA,NA,NA,NA,NA,NA,NA,NA,NA,NA,,,,,
Af18,Ekoi,Af18,NA,NA,NA,NA,NA,NA,NA,NA,NA,NA,,,,,
Ae20,Ekonda,Ae20,NA,NA,NA,NA,NA,NA,NA,NA,NA,NA,,,,,
Ae3,Fang,Ae03,FH09,Fang,NA,NA,NA,NA,NA,NA,NA,NA,,,,,
Ad19,Fipa,Ad19,NA,NA,NA,NA,NA,NA,NA,NA,NA,NA,,,,,
Ae52,Fungom,Ae52,NA,NA,NA,NA,NA,NA,NA,NA,NA,NA,,,,,
Ae38,Ndoko,Ae38,NA,NA,NA,NA,NA,NA,NA,NA,NA,NA,,,,,
Ad7,Ganda,Ad07,FK07,Ganda,12,NA,Ganda or Baganda,NA,NA,NA,NA,NA,,,,,
Ad32,Giriama,Ad32,NA,NA,NA,NA,NA,NA,NA,NA,NA,NA,,,,,
Ad9,Gisu,Ad09,FK13,NA,NA,NA,NA,NA,NA,NA,NA,NA,,,,,
Ad24,Gogo,Ad24,NA,NA,NA,NA,NA,NA,NA,NA,NA,NA,,,,,
Id13,Groote Eylandt,Id13,NA,NA,NA,NA,NA,NA,NA,B97,Groote Eylandt,NA,,,,,
Ah6,Gure,Ah06,NA,NA,NA,NA,NA,NA,NA,NA,NA,NA,,,,,
Ad12,Gusii,Ad12,FL08,NA,NA,NA,NA,NA,NA,NA,NA,NA,,,,,
Ae14,Ha,Ae14,NA,NA,NA,NA,NA,NA,NA,NA,NA,NA,,,,,
Ad29,Hadimu,Ad29,NA,NA,NA,NA,NA,NA,NA,NA,NA,NA,,,,,
Ad42,Haya,Ad42,NA,NA,NA,NA,NA,NA,NA,NA,NA,NA,,,,,
Ad8,Hehe,Ad08,NA,NA,NA,NA,NA,NA,NA,NA,NA,NA,,,,,
Ab1,Herero,Ab01,NA,NA,NA,NA,NA,NA,NA,NA,NA,NA,,,,,
Ae15,Hunde,Ae15,NA,NA,NA,NA,NA,NA,NA,NA,NA,NA,,,,,
Af20,Ibibio,Af20,NA,NA,NA,NA,NA,NA,NA,NA,NA,NA,,,,,
Ac1,Ila,Ac01,FQ06,Ila,NA,NA,NA,NA,NA,NA,NA,NA,,,,,
Ad15,Iwa,Ad15,NA,NA,NA,NA,NA,NA,NA,NA,NA,NA,,,,,
Ah23,Jibu,Ah23,NA,NA,NA,NA,NA,NA,NA,NA,NA,NA,,,,,
Ah2,Jukun,Ah02,NA,NA,NA,NA,NA,NA,NA,NA,NA,NA,,,,,
Ah19,Kadara,Ah19,NA,NA,NA,NA,NA,NA,NA,NA,NA,NA,,,,,
Ah20,Kagoro,Ah20,FF38,Katab,NA,NA,NA,NA,NA,NA,NA,NA,,,,,
Ad50,Kaguru,Ad50,NA,NA,NA,NA,NA,NA,NA,NA,NA,NA,,,,,
Ad34,Kamba,Ad34,NA,NA,NA,NA,NA,NA,NA,NA,NA,NA,,,,,
Ah14,Kamuku,Ah14,NA,NA,NA,NA,NA,NA,NA,NA,NA,NA,,,,,
Ac32,Kaonde,Ac32,NA,NA,NA,NA,NA,NA,NA,NA,NA,NA,,,,,
Ad38,Kara,Ad38,NA,NA,NA,NA,NA,NA,NA,NA,NA,NA,,,,,
Ah1,Katab,Ah01,FF38,Katab,NA,NA,NA,NA,NA,NA,NA,NA,,,,,
Ae21,Kela,Ae21,NA,NA,NA,NA,NA,NA,NA,NA,NA,NA,,,,,
Ah24,Kentu,Ah24,NA,NA,NA,NA,NA,NA,NA,NA,NA,NA,,,,,
Ad43,Kerewe,Ad43,NA,NA,NA,NA,NA,NA,NA,NA,NA,NA,,,,,
Ad4,Kikuyu,Ad04,FL10,Kikuyu,11,NA,Kikuyu or Aikikuyu,NA,NA,NA,NA,NA,,,,,
Ab21a,Kisama,Ab21a,NA,NA,NA,NA,NA,NA,NA,NA,NA,NA,,,,,
Ae53,Koko,Ae53,NA,NA,NA,NA,NA,NA,NA,NA,NA,NA,,,,,
Ae54,Kom,Ae54,NA,NA,NA,NA,NA,NA,NA,NA,NA,NA,,,,,
Ac14,Kongo,Ac14,NA,NA,NA,NA,NA,NA,NA,NA,NA,NA,,,,,
Ad44,Konjo,Ad44,NA,NA,NA,NA,NA,NA,NA,NA,NA,NA,,,,,
Ae41,Kota,Ae41,NA,NA,NA,NA,NA,NA,NA,NA,NA,NA,,,,,
Ae5,Bamileke,Ae05,NA,NA,NA,NA,NA,NA,NA,NA,NA,NA,,,,,
Ac4,Kuba,Ac04,NA,NA,NA,NA,NA,NA,NA,NA,NA,NA,,,,,
Ae32,Kumu,Ae32,NA,NA,NA,NA,NA,NA,NA,NA,NA,NA,,,,,
Ac37,Kunda,Ac37,NA,NA,NA,NA,NA,NA,NA,NA,NA,NA,,,,,
Ae45,Kundu,Ae45,NA,NA,NA,NA,NA,NA,NA,NA,NA,NA,,,,,
Ah21,Kurama,Ah21,NA,NA,NA,NA,NA,NA,NA,NA,NA,NA,,,,,
Ae22,Kutshu,Ae22,NA,NA,NA,NA,NA,NA,NA,NA,NA,NA,,,,,
Ad27,Kwere,Ad27,NA,NA,NA,NA,NA,NA,NA,NA,NA,NA,,,,,
Ac13,Lake Tonga,Ac13,FR07,NA,NA,NA,NA,NA,NA,NA,NA,NA,,,,,
Ac33,Lala,Ac33,NA,NA,NA,NA,NA,NA,NA,NA,NA,NA,,,,,
Ae23,Lalia,Ae23,NA,NA,NA,NA,NA,NA,NA,NA,NA,NA,,,,,
Ac5,Lamba,Ac05,NA,NA,NA,NA,NA,NA,NA,NA,NA,NA,,,,,
Ac23,Lele,Ac23,NA,NA,NA,NA,NA,NA,NA,NA,NA,NA,,,,,
Ab16,Lenge,Ab16,NA,NA,NA,NA,NA,NA,NA,NA,NA,NA,,,,,
Ae27,Lokele,Ae27,NA,NA,NA,NA,NA,NA,NA,NA,NA,NA,,,,,
Ab14,Lovedu,Ab14,FX14,Lovedu,NA,NA,NA,NA,NA,NA,NA,NA,,,,,
Ab3,Lozi,Ab03,FQ09,Lozi,4,NA,Lozi,NA,NA,NA,NA,NA,,,,,
Ac34,Luapula,Ac34,NA,NA,NA,NA,NA,NA,NA,NA,NA,NA,,,,,
Ae6,Luba,Ae06,NA,NA,NA,NA,NA,NA,NA,NA,NA,NA,,,,,
Ac27,Luchazi,Ac27,NA,NA,NA,NA,NA,NA,NA,NA,NA,NA,,,,,
Ad14,Luguru,Ad14,NA,NA,10,NA,Luguru or Waluguru,NA,NA,NA,NA,NA,,,,,
Ac28,Luimbe,Ac28,NA,NA,NA,NA,NA,NA,NA,NA,NA,NA,,,,,
Ae16,Lulua,Ae16,NA,NA,NA,NA,NA,NA,NA,NA,NA,NA,,,,,
Ac11,Luvale,Ac11,NA,NA,NA,NA,NA,NA,NA,NA,NA,NA,,,,,
Ae59,Eidekum,Ae59,NA,NA,NA,NA,NA,NA,NA,NA,NA,NA,,,,,
Ac41,Makonde,Ac41,NA,NA,NA,NA,NA,NA,NA,NA,NA,NA,,,,,
Ac42,Makua,Ac42,NA,NA,NA,NA,NA,NA,NA,NA,NA,NA,,,,,
Ah4,Mambila,Ah04,NA,NA,NA,NA,NA,NA,NA,NA,NA,NA,,,,,
Ac15,Mbala,Ac15,NA,NA,NA,NA,NA,NA,NA,NA,NA,NA,,,,,
Ad5,Mbugwe,Ad05,NA,NA,NA,NA,NA,NA,NA,NA,NA,NA,,,,,
Ab5,Mbundu,Ab05,FP13,Mbundu,NA,5,Mbundu or Ovimbundu,NA,NA,NA,NA,NA,,,,,
Aa5,Mbuti,Aa05,F004,Pygmies,13,NA,Mbuti or Bambuti,NA,NA,B65,Mbuti,NA,,,,,
Ad35,Meru,Ad35,NA,NA,NA,NA,NA,NA,NA,NA,NA,NA,,,,,
Ae24,Mongo,Ae24,NA,NA,NA,NA,NA,NA,NA,NA,NA,NA,,,,,
Ae46,Mpongwe,Ae46,NA,NA,NA,NA,NA,NA,NA,NA,NA,NA,,,,,
Ae33,Ndaka Babali,Ae33,NA,NA,NA,NA,NA,NA,NA,NA,NA,NA,,,,,
Ab17,Ndau,Ab17,NA,NA,NA,NA,NA,NA,NA,NA,NA,NA,,,,,
Ab9,Ndebele,Ab09,NA,NA,NA,NA,NA,NA,NA,NA,NA,NA,,,,,
Ac6,Ndembu,Ac06,NA,NA,NA,NA,NA,NA,NA,NA,NA,NA,,,,,
Ae55,Ndob,Ae55,NA,NA,NA,NA,NA,NA,NA,NA,NA,NA,,,,,
Ae9,Fut,Ae09,NA,NA,NA,NA,NA,NA,NA,NA,NA,NA,,,,,
Ah26,Ndoro,Ah26,NA,NA,NA,NA,NA,NA,NA,NA,NA,NA,,,,,
Ae28,Ngala,Ae28,NA,NA,NA,NA,NA,NA,NA,NA,NA,NA,,,,,
Ae39,Ngombe,Ae39,NA,NA,NA,NA,NA,NA,NA,NA,NA,NA,,,,,
Ad16,Ngonde,Ad16,FN17,Ngonde,NA,NA,NA,NA,NA,NA,NA,NA,,,,,
Ac9,Ngoni,Ac09,FR05,Ngoni,NA,NA,NA,NA,NA,NA,NA,NA,,,,,
Ad51,Ngulu,Ad51,NA,NA,NA,NA,NA,NA,NA,NA,NA,NA,,,,,
Ae42,Ngumba,Ae42,NA,NA,NA,NA,NA,NA,NA,NA,NA,NA,,,,,
Ab20,Ngumbi,Ab20,NA,NA,NA,NA,NA,NA,NA,NA,NA,NA,,,,,
Ae4,Nkundo,Ae04,F032,Mongo,14,NA,Nkundo Mongo,NA,NA,NA,NA,NA,,,,,
Ae56,Nsaw,Ae56,NA,NA,NA,NA,NA,NA,NA,NA,NA,NA,,,,,
Ae57,Nsungli,Ae57,NA,NA,NA,NA,NA,NA,NA,NA,NA,NA,,,,,
Ad6,Nyakyusa,Ad06,FN17,Ngonde,8,NA,Nyakyusa,NA,NA,NA,NA,NA,,,,,
Ad20,Nyamwezi,Ad20,NA,NA,NA,NA,NA,NA,NA,NA,NA,NA,,,,,
Ab7,Nyaneka,Ab07,NA,NA,NA,NA,NA,NA,NA,NA,NA,NA,,,,,
Ac38,Nyanja,Ac38,NA,NA,NA,NA,NA,NA,NA,NA,NA,NA,,,,,
Ad45,Nyankole,Ad45,NA,NA,NA,NA,NA,NA,NA,NA,NA,NA,,,,,
Ac39,Nyasa,Ac39,NA,NA,NA,NA,NA,NA,NA,NA,NA,NA,,,,,
Ad2,Nyoro,Ad02,FK11,NA,NA,NA,NA,NA,NA,NA,NA,NA,,,,,
Ad36,Pare,Ad36,NA,NA,NA,NA,NA,NA,NA,NA,NA,NA,,,,,
Ab15,Pedi,Ab15,NA,NA,NA,NA,NA,NA,NA,NA,NA,NA,,,,,
Ac2,Pende,Ac02,NA,NA,NA,NA,NA,NA,NA,NA,NA,NA,,,,,
Ad21,Pimbwe,Ad21,NA,NA,NA,NA,NA,NA,NA,NA,NA,NA,,,,,
Ae34,Plains Bira,Ae34,NA,NA,NA,NA,NA,NA,NA,NA,NA,NA,,,,,
Ac30,Plateau Tonga,Ac30,NA,NA,NA,NA,NA,NA,NA,NA,NA,NA,,,,,
Ad33,Pokomo,Ad33,NA,NA,NA,NA,NA,NA,NA,NA,NA,NA,,,,,
Af4,Yako,Af04,NA,NA,NA,NA,NA,NA,NA,NA,NA,NA,,,,,
Ae29,Poto,Ae29,NA,NA,NA,NA,NA,NA,NA,NA,NA,NA,,,,,
Ae47,Puku,Ae47,NA,NA,NA,NA,NA,NA,NA,NA,NA,NA,,,,,
Ad25,Rangi,Ad25,NA,NA,NA,NA,NA,NA,NA,NA,NA,NA,,,,,
Ae17,Rega,Ae17,NA,NA,NA,NA,NA,NA,NA,NA,NA,NA,,,,,
Ah15,Reshe,Ah15,NA,NA,NA,NA,NA,NA,NA,NA,NA,NA,,,,,
Ae10,Ruanda,Ae10,F042,Rundi,NA,NA,NA,NA,NA,NA,NA,NA,,,,,
Ae8,Rundi,Ae08,F042,Rundi,NA,NA,NA,NA,NA,NA,NA,NA,,,,,
Ad17,Safwa,Ad17,NA,NA,NA,NA,NA,NA,NA,NA,NA,NA,,,,,
Ac24,Sakata,Ac24,NA,NA,NA,NA,NA,NA,NA,NA,NA,NA,,,,,
Ae43,Sanga,Ae43,NA,NA,NA,NA,NA,NA,NA,NA,NA,NA,,,,,
Ad23,Sangu,Ad23,NA,NA,NA,NA,NA,NA,NA,NA,NA,NA,,,,,
Ac40,Sena,Ac40,NA,NA,NA,NA,NA,NA,NA,NA,NA,NA,,,,,
Ad10,Shambala,Ad10,NA,NA,NA,NA,NA,NA,NA,NA,NA,NA,,,,,
Ac35,Shila,Ac35,NA,NA,NA,NA,NA,NA,NA,NA,NA,NA,,,,,
Ac16,Shogo,Ac16,NA,NA,NA,NA,NA,NA,NA,NA,NA,NA,,,,,
Ab18,Shona,Ab18,NA,NA,NA,NA,NA,NA,NA,NA,NA,NA,,,,,
Ad46,Soga,Ad46,NA,NA,NA,NA,NA,NA,NA,NA,NA,NA,,,,,
Ae18,Songe,Ae18,NA,NA,NA,NA,NA,NA,NA,NA,NA,NA,,,,,
Ac25,Songo,Ac25,NA,NA,NA,NA,NA,NA,NA,NA,NA,NA,,,,,
Ae11,Songola,Ae11,NA,NA,NA,NA,NA,NA,NA,NA,NA,NA,,,,,
Ad39,Sonjo,Ad39,NA,NA,NA,NA,NA,NA,NA,NA,NA,NA,,,,,
Ab8,Sotho,Ab08,NA,NA,NA,NA,NA,NA,NA,NA,NA,NA,,,,,
Ac17,Suku,Ac17,NA,NA,6,NA,Suku,NA,NA,NA,NA,NA,,,,,
Ad22,Sukuma,Ad22,NA,NA,NA,NA,NA,NA,NA,NA,NA,NA,,,,,
Ad47,Sumbwa,Ad47,NA,NA,NA,NA,NA,NA,NA,NA,NA,NA,,,,,
Ac18,Sundi,Ac18,NA,NA,NA,NA,NA,NA,NA,NA,NA,NA,,,,,
Ab2,Swazi,Ab02,NA,NA,NA,NA,NA,NA,NA,NA,NA,NA,,,,,
Ad37,Teita,Ad37,NA,NA,NA,NA,NA,NA,NA,NA,NA,NA,,,,,
Ac19,Teke,Ac19,NA,NA,NA,NA,NA,NA,NA,NA,NA,NA,,,,,
Ae25,Tetela,Ae25,NA,NA,NA,NA,NA,NA,NA,NA,NA,NA,,,,,
Ab4,Thonga,Ab04,NA,NA,NA,3,Thonga or Bathonga,NA,NA,NA,NA,NA,,,,,
Ah25,Tigon,Ah25,NA,NA,NA,NA,NA,NA,NA,NA,NA,NA,,,,,
Ae58,Tikar,Ae58,NA,NA,NA,NA,NA,NA,NA,NA,NA,NA,,,,,
Ad40,Tiriki,Ad40,NA,NA,NA,NA,NA,NA,NA,NA,NA,NA,,,,,
Ah3,Tiv,Ah03,FF57,Tiv,16,NA,Tiv or Munshi,NA,NA,NA,NA,NA,,,,,
Ae26,Topoke,Ae26,NA,NA,NA,NA,NA,NA,NA,NA,NA,NA,,,,,
Ad48,Toro,Ad48,NA,NA,NA,NA,NA,NA,NA,NA,NA,NA,,,,,
Ab13,Tswana,Ab13,NA,NA,NA,NA,NA,NA,NA,NA,NA,NA,,,,,
Ac36,Tumbuka,Ac36,NA,NA,NA,NA,NA,NA,NA,NA,NA,NA,,,,,
Ad26,Turu,Ad26,NA,NA,NA,NA,NA,NA,NA,NA,NA,NA,,,,,
Ab6,Venda,Ab06,NA,NA,NA,NA,NA,NA,NA,NA,NA,NA,,,,,
Af40,Assini,Af40,NA,NA,NA,NA,NA,NA,NA,NA,NA,NA,,,,,
Ah8,Wute,Ah08,NA,NA,NA,NA,NA,NA,NA,NA,NA,NA,,,,,
Ab11,Xhosa,Ab11,NA,NA,NA,NA,NA,NA,NA,NA,NA,NA,,,,,
Ac20,Yaka,Ac20,NA,NA,NA,NA,NA,NA,NA,NA,NA,NA,,,,,
Af44,Alagya,Af44,NA,NA,NA,NA,NA,NA,NA,NA,NA,NA,,,,,
Ac26,Yanzi,Ac26,NA,NA,NA,NA,NA,NA,NA,NA,NA,NA,,,,,
Ac7,Yao,Ac07,FT07,Yao,NA,NA,NA,NA,NA,NA,NA,NA,,,,,
Af50,Dan,Af50,NA,NA,NA,NA,NA,NA,NA,NA,NA,NA,,,,,
Ah22,Yergum,Ah22,NA,NA,NA,NA,NA,NA,NA,NA,NA,NA,,,,,
Ac8,Yombe,Ac08,NA,NA,NA,NA,NA,NA,NA,NA,NA,NA,,,,,
Ad28,Zigula,Ad28,NA,NA,NA,NA,NA,NA,NA,NA,NA,NA,,,,,
Ad49,Zinza,Ad49,NA,NA,NA,NA,NA,NA,NA,NA,NA,NA,,,,,
Ah27,Zuande,Ah27,NA,NA,NA,NA,NA,NA,NA,NA,NA,NA,,,,,
Ab12,Zulu,Ab12,FX20,Zulu,NA,NA,NA,NA,NA,NA,NA,NA,,,,,
Ai27,Abarambo,Ai27,NA,NA,NA,NA,NA,NA,NA,NA,NA,NA,,,,,
Ai3,Azande,Ai03,F007,Azande,NA,28,Azande or Niam-Niam,NA,NA,NA,NA,NA,,,,,
Ai1,Banda,Ai01,NA,NA,NA,NA,NA,NA,NA,NA,NA,NA,,,,,
Ai7,Baya,Ai07,NA,NA,NA,NA,NA,NA,NA,NA,NA,NA,,,,,
Ai23,Bwaka,Ai23,NA,NA,NA,NA,NA,NA,NA,NA,NA,NA,,,,,
Ah28,Chamba,Ah28,NA,NA,NA,NA,NA,NA,NA,NA,NA,NA,,,,,
Af56,Ngere,Af56,NA,NA,NA,NA,NA,NA,NA,NA,NA,NA,,,,,
Ai12,Fali,Ai12,NA,NA,NA,NA,NA,NA,NA,NA,NA,NA,,,,,
Ai13,Laka,Ai13,NA,NA,NA,NA,NA,NA,NA,NA,NA,NA,,,,,
Ah30,Longuda,Ah30,NA,NA,NA,NA,NA,NA,NA,NA,NA,NA,,,,,
Ai24,Mandja,Ai24,NA,NA,NA,NA,NA,NA,NA,NA,NA,NA,,,,,
Ag25,Soninke,Ag25,NA,NA,NA,NA,NA,NA,NA,NA,NA,NA,,,,,
Ai25,Mbandja,Ai25,NA,NA,NA,NA,NA,NA,NA,NA,NA,NA,,,,,
Ai14,Mbum,Ai14,NA,NA,NA,NA,NA,NA,NA,NA,NA,NA,,,,,
Ah31,Mumuye,Ah31,NA,NA,NA,NA,NA,NA,NA,NA,NA,NA,,,,,
Ai15,Mundang,Ai15,NA,NA,NA,NA,NA,NA,NA,NA,NA,NA,,,,,
Ai16,Namshi,Ai16,NA,NA,NA,NA,NA,NA,NA,NA,NA,NA,,,,,
Ai26,Ngbandi,Ai26,NA,NA,NA,NA,NA,NA,NA,NA,NA,NA,,,,,
Ah32,Vere,Ah32,NA,NA,NA,NA,NA,NA,NA,NA,NA,NA,,,,,
Ah33,Yungur,Ah33,NA,NA,NA,NA,NA,NA,NA,NA,NA,NA,,,,,
Ag37,Awuna,Ag37,NA,NA,NA,NA,NA,NA,NA,NA,NA,NA,,,,,
Ag48,Basari,Ag48,NA,NA,NA,NA,NA,NA,NA,NA,NA,NA,,,,,
Ag5,Birifor,Ag05,NA,NA,NA,NA,NA,NA,NA,NA,NA,NA,,,,,
Ag30,Bobo,Ag30,NA,NA,NA,NA,NA,NA,NA,NA,NA,NA,,,,,
Ag38,Builsa,Ag38,NA,NA,NA,NA,NA,NA,NA,NA,NA,NA,,,,,
Ag39,Dagari,Ag39,NA,NA,NA,NA,NA,NA,NA,NA,NA,NA,,,,,
Ag44,Dagomba,Ag44,NA,NA,NA,NA,NA,NA,NA,NA,NA,NA,,,,,
Ag33,Dian,Ag33,NA,NA,NA,NA,NA,NA,NA,NA,NA,NA,,,,,
Ag3,Dogon,Ag03,FA16,Dogon,NA,NA,NA,NA,NA,NA,NA,NA,,,,,
Ag34,Dorosie,Ag34,NA,NA,NA,NA,NA,NA,NA,NA,NA,NA,,,,,
Ag45,Gurma,Ag45,NA,NA,NA,NA,NA,NA,NA,NA,NA,NA,,,,,
Ag40,Isala,Ag40,NA,NA,NA,NA,NA,NA,NA,NA,NA,NA,,,,,
Ag49,Kabre,Ag49,NA,NA,NA,NA,NA,NA,NA,NA,NA,NA,,,,,
Ag13,Kasena,Ag13,NA,NA,NA,NA,NA,NA,NA,NA,NA,NA,,,,,
Ag10,Konkomba,Ag10,NA,NA,NA,NA,NA,NA,NA,NA,NA,NA,,,,,
Ag35,Kulango,Ag35,NA,NA,NA,NA,NA,NA,NA,NA,NA,NA,,,,,
Ag41,Kusasi,Ag41,NA,NA,NA,NA,NA,NA,NA,NA,NA,NA,,,,,
Ag11,Lobi,Ag11,NA,NA,NA,NA,NA,NA,NA,NA,NA,NA,,,,,
Ag28,Nono,Ag28,NA,NA,NA,NA,NA,NA,NA,NA,NA,NA,,,,,
Ag46,Manprusi,Ag46,NA,NA,NA,NA,NA,NA,NA,NA,NA,NA,,,,,
Ag31,Minianka,Ag31,NA,NA,NA,NA,NA,NA,NA,NA,NA,NA,,,,,
Ag50,Moba,Ag50,NA,NA,NA,NA,NA,NA,NA,NA,NA,NA,,,,,
Ag47,Mossi Ouagadou,Ag47,FA28,Mossi,NA,NA,NA,NA,NA,NA,NA,NA,,,,,
Ag12,Nankanse,Ag12,NA,NA,NA,NA,NA,NA,NA,NA,NA,NA,,,,,
Ag42,Nunuma,Ag42,NA,NA,NA,NA,NA,NA,NA,NA,NA,NA,,,,,
Ag32,Senufo,Ag32,NA,NA,NA,NA,NA,NA,NA,NA,NA,NA,,,,,
Ag51,Somba,Ag51,NA,NA,NA,NA,NA,NA,NA,NA,NA,NA,,,,,
Ag36,Lowiili,Ag36,NA,NA,NA,NA,NA,NA,NA,NA,NA,NA,,,,,
Ag52,Tem,Ag52,NA,NA,NA,NA,NA,NA,NA,NA,NA,NA,,,,,
Ag43,Vagala,Ag43,NA,NA,NA,NA,NA,NA,NA,NA,NA,NA,,,,,
Ag2,Yatenga,Ag02,FA28,Mossi,NA,NA,NA,NA,NA,NA,NA,NA,,,,,
Af21,Ijaw,Af21,NA,NA,NA,NA,NA,NA,NA,NA,NA,NA,,,,,
Af38,Abron,Af38,NA,NA,NA,NA,NA,NA,NA,NA,NA,NA,,,,,
Af35,Adangme,Af35,NA,NA,NA,NA,NA,NA,NA,NA,NA,NA,,,,,
Af23,Afikpo,Af23,FF26,Igbo,NA,NA,NA,NA,NA,NA,NA,NA,,,,,
Af27,Afo,Af27,NA,NA,NA,NA,NA,NA,NA,NA,NA,NA,,,,,
Af12,Akyem,Af12,FE12,Twi,NA,NA,NA,NA,NA,NA,NA,NA,,,,,
Ag4,Tallensi,Ag04,FE11,Tallensi,23,NA,Tallensi,NA,NA,NA,NA,NA,,,,,
Af39,Anyi,Af39,NA,NA,NA,NA,NA,NA,NA,NA,NA,NA,,,,,
Af3,Ashanti,Af03,FE12,Twi,19,NA,Ashanti,NA,NA,NA,NA,NA,,,,,
Ag6,Futajalonke,Ag06,NA,NA,NA,NA,NA,NA,NA,NA,NA,NA,,,,,
Af41,Attie,Af41,NA,NA,NA,NA,NA,NA,NA,NA,NA,NA,,,,,
Af45,Avikam,Af45,NA,NA,NA,NA,NA,NA,NA,NA,NA,NA,,,,,
Af46,Bakwe,Af46,NA,NA,NA,NA,NA,NA,NA,NA,NA,NA,,,,,
Af9,Baule,Af09,NA,NA,NA,NA,NA,NA,NA,NA,NA,NA,,,,,
Af7,Bete,Af07,NA,NA,NA,NA,NA,NA,NA,NA,NA,NA,,,,,
Af37,Buem,Af37,NA,NA,NA,NA,NA,NA,NA,NA,NA,NA,,,,,
Af24,Edo,Af24,NA,NA,NA,NA,NA,NA,NA,NA,NA,NA,,,,,
Af32,Egba,Af32,FF62,Yoruba,NA,NA,NA,NA,NA,NA,NA,NA,,,,,
Af33,Ekiti,Af33,FF62,Yoruba,NA,NA,NA,NA,NA,NA,NA,NA,,,,,
Af36,Ewe,Af36,NA,NA,NA,NA,NA,NA,NA,NA,NA,NA,,,,,
Af42,Fanti,Af42,FE12,Twi,NA,NA,NA,NA,NA,NA,NA,NA,,,,,
Af1,Fon,Af01,NA,NA,18,NA,Fon or Dahomeans,NA,NA,NA,NA,NA,,,,,
Af43,Ga,Af43,NA,NA,NA,NA,NA,NA,NA,NA,NA,NA,,,,,
Af28,Gbari,Af28,NA,NA,NA,NA,NA,NA,NA,NA,NA,NA,,,,,
Af10,Ibo,Af10,FF26,Igbo,NA,17,Ibo or Igbo,NA,NA,NA,NA,NA,,,,,
Af29,Idoma,Af29,NA,NA,NA,NA,NA,NA,NA,NA,NA,NA,,,,,
Af34,Ife,Af34,FF62,Yoruba,NA,NA,NA,NA,NA,NA,NA,NA,,,,,
Af30,Igala,Af30,NA,NA,NA,NA,NA,NA,NA,NA,NA,NA,,,,,
Af13,Igbira,Af13,NA,NA,NA,NA,NA,NA,NA,NA,NA,NA,,,,,
Af25,Isoko,Af25,NA,NA,NA,NA,NA,NA,NA,NA,NA,NA,,,,,
Af22,Itsekiri,Af22,NA,NA,NA,NA,NA,NA,NA,NA,NA,NA,,,,,
Af31,Koro,Af31,NA,NA,NA,NA,NA,NA,NA,NA,NA,NA,,,,,
Af47,Kran,Af47,NA,NA,NA,NA,NA,NA,NA,NA,NA,NA,,,,,
Af48,Kru,Af48,NA,NA,NA,NA,NA,NA,NA,NA,NA,NA,,,,,
Af26,Kukuruku,Af26,NA,NA,NA,NA,NA,NA,NA,NA,NA,NA,,,,,
Af8,Nupe,Af08,FF52,Nupe,NA,NA,NA,NA,NA,NA,NA,NA,,,,,
Af6,Oyo Yoruba,Af06,FF62,Yoruba,NA,NA,NA,NA,NA,NA,NA,NA,,,,,
Af49,Sapo,Af49,NA,NA,NA,NA,NA,NA,NA,NA,NA,NA,,,,,
Ag1,Bambara,Ag01,FA08,Bambara,22,NA,Bambara or Bamana,NA,NA,NA,NA,NA,,,,,
Ag53,Bisa,Ag53,NA,NA,NA,NA,NA,NA,NA,NA,NA,NA,,,,,
Ag7,Bozo,Ag07,NA,NA,NA,NA,NA,NA,NA,NA,NA,NA,,,,,
Ah29,Daka,Ah29,NA,NA,NA,NA,NA,NA,NA,NA,NA,NA,,,,,
Ag27,Diula,Ag27,NA,NA,NA,NA,NA,NA,NA,NA,NA,NA,,,,,
Af51,Gagu,Af51,NA,NA,NA,NA,NA,NA,NA,NA,NA,NA,,,,,
Af54,Gbande,Af54,NA,NA,NA,NA,NA,NA,NA,NA,NA,NA,,,,,
Af52,Guro,Af52,NA,NA,NA,NA,NA,NA,NA,NA,NA,NA,,,,,
Ag23,Kasonke,Ag23,NA,NA,NA,NA,NA,NA,NA,NA,NA,NA,,,,,
Ag24,Koranko,Ag24,NA,NA,NA,NA,NA,NA,NA,NA,NA,NA,,,,,
Af15,Kpelle,Af15,FD06,Kpelle,NA,NA,NA,NA,NA,NA,NA,NA,,,,,
Ag9,Malinke,Ag09,NA,NA,NA,NA,NA,NA,NA,NA,NA,NA,,,,,
Af5,Mende,Af05,FC07,Mende,NA,20,Mende,NA,NA,NA,NA,NA,,,,,
Ai45,Meban,Ai45,NA,NA,NA,NA,NA,NA,NA,NA,NA,NA,,,,,
Ai9,Masa,Ai09,NA,NA,27,NA,Massa,NA,NA,NA,NA,NA,,,,,
Ag29,Samo,Ag29,NA,NA,NA,NA,NA,NA,NA,NA,NA,NA,,,,,
Aj23,Plains Suk,Aj23,NA,NA,NA,NA,NA,NA,NA,NA,NA,NA,,,,,
Ag26,Susu,Ag26,NA,NA,NA,NA,NA,NA,NA,NA,NA,NA,,,,,
Af11,Toma,Af11,NA,NA,NA,NA,NA,NA,NA,NA,NA,NA,,,,,
Af53,Tura,Af53,NA,NA,NA,NA,NA,NA,NA,NA,NA,NA,,,,,
Af58,Vai,Af58,NA,NA,NA,NA,NA,NA,NA,NA,NA,NA,,,,,
Ag54,Yalunka,Ag54,NA,NA,NA,NA,NA,NA,NA,NA,NA,NA,,,,,
Ai21,Bagirmi,Ai21,NA,NA,NA,NA,NA,NA,NA,NA,NA,NA,,,,,
Ai35,Bongo,Ai35,NA,NA,NA,NA,NA,NA,NA,NA,NA,NA,,,,,
Ai29,Lendu,Ai29,NA,NA,NA,NA,NA,NA,NA,NA,NA,NA,,,,,
Ai30,Lese,Ai30,NA,NA,NA,NA,NA,NA,NA,NA,NA,NA,,,,,
Ai31,Logo,Ai31,NA,NA,NA,NA,NA,NA,NA,NA,NA,NA,,,,,
Ai32,Lugbara,Ai32,NA,NA,NA,NA,NA,NA,NA,NA,NA,NA,,,,,
Ai33,Madi,Ai33,NA,NA,NA,NA,NA,NA,NA,NA,NA,NA,,,,,
Ai5,Mamvu,Ai05,NA,NA,NA,NA,NA,NA,NA,NA,NA,NA,,,,,
Ai11,Mangbetu,Ai11,NA,NA,NA,NA,NA,NA,NA,NA,NA,NA,,,,,
Ai34,Moru,Ai34,NA,NA,NA,NA,NA,NA,NA,NA,NA,NA,,,,,
Ai28,Popoi,Ai28,NA,NA,NA,NA,NA,NA,NA,NA,NA,NA,,,,,
Aj25,Keyu,Aj25,NA,NA,NA,NA,NA,NA,NA,NA,NA,NA,,,,,
Ai22,Sara,Ai22,NA,NA,NA,NA,NA,NA,NA,NA,NA,NA,,,,,
Aj10,Acholi,Aj10,NA,NA,NA,NA,NA,NA,NA,NA,NA,NA,,,,,
Aj17,Alur,Aj17,NA,NA,NA,NA,NA,NA,NA,NA,NA,NA,,,,,
Ai44,Anuak,Ai44,NA,NA,NA,NA,NA,NA,NA,NA,NA,NA,,,,,
Ca32,Barea,Ca32,NA,NA,NA,NA,NA,NA,NA,NA,NA,NA,,,,,
Aj8,Bari,Aj08,NA,NA,NA,NA,NA,NA,NA,NA,NA,NA,,,,,
Aj18,Bodi,Aj18,NA,NA,NA,NA,NA,NA,NA,NA,NA,NA,,,,,
Aj19,Didinga,Aj19,NA,NA,NA,NA,NA,NA,NA,NA,NA,NA,,,,,
Aj11,Dinka,Aj11,NA,NA,NA,NA,NA,NA,NA,NA,NA,NA,,,,,
Aa2,Dorobo,Aa02,FL06,Dorobo,NA,NA,NA,NA,NA,B70,Dorobo,NA,,,,,
Aj13,Fajulu,Aj13,NA,NA,NA,NA,NA,NA,NA,NA,NA,NA,,,,,
Aj26,Hill Suk,Aj26,NA,NA,NA,NA,NA,NA,NA,NA,NA,NA,,,,,
Aj21,Jie,Aj21,NA,NA,NA,NA,NA,NA,NA,NA,NA,NA,,,,,
Ai36,Jur,Ai36,NA,NA,NA,NA,NA,NA,NA,NA,NA,NA,,,,,
Aj14,Kakwa,Aj14,NA,NA,NA,NA,NA,NA,NA,NA,NA,NA,,,,,
Cb21,Djafun,Cb21,NA,NA,NA,NA,NA,NA,NA,NA,NA,NA,,,,,
Aj9,Kipsigis,Aj09,NA,NA,NA,NA,NA,NA,NA,NA,NA,NA,,,,,
Aj15,Kuku,Aj15,NA,NA,NA,NA,NA,NA,NA,NA,NA,NA,,,,,
Aj22,Labwor,Aj22,NA,NA,NA,NA,NA,NA,NA,NA,NA,NA,,,,,
Aj4,Lango,Aj04,NA,NA,NA,NA,NA,NA,NA,NA,NA,NA,,,,,
Aj12,Lotuko,Aj12,NA,NA,NA,NA,NA,NA,NA,NA,NA,NA,,,,,
Aj6,Luo,Aj06,FL11,Luo,NA,NA,NA,NA,NA,NA,NA,NA,,,,,
Aj2,Masai,Aj02,FL12,Masai,34,NA,Masai,NA,NA,NA,NA,NA,,,,,
Cb22,Liptako,Cb22,NA,NA,NA,NA,NA,NA,NA,NA,NA,NA,,,,,
Aj16,Mondari,Aj16,NA,NA,NA,NA,NA,NA,NA,NA,NA,NA,,,,,
Aj7,Nandi,Aj07,NA,NA,NA,NA,NA,NA,NA,NA,NA,NA,,,,,
Aj3,Nuer,Aj03,FJ22,Nuer,NA,NA,NA,NA,NA,NA,NA,NA,,,,,
Cb8,Bororo Fulani,Cb08,NA,NA,NA,NA,NA,NA,NA,NA,NA,NA,,,,,
Aj29,Samburu,Aj29,NA,NA,NA,NA,NA,NA,NA,NA,NA,NA,,,,,
Aj27,Sapei,Aj27,NA,NA,NA,NA,NA,NA,NA,NA,NA,NA,,,,,
Ai6,Shilluk,Ai06,FJ23,Shilluk,31,NA,Shilluk,NA,NA,NA,NA,NA,,,,,
Aj20,Suri,Aj20,NA,NA,NA,NA,NA,NA,NA,NA,NA,NA,,,,,
Aj28,Tatoga,Aj28,NA,NA,NA,NA,NA,NA,NA,NA,NA,NA,,,,,
Aj1,Teso,Aj01,NA,NA,NA,NA,NA,NA,NA,NA,NA,NA,,,,,
Aj24,Topotha,Aj24,NA,NA,NA,NA,NA,NA,NA,NA,NA,NA,,,,,
Aj5,Turkana,Aj05,FL17,Turkana,NA,NA,NA,NA,NA,NA,NA,NA,,,,,
Ca33,Kunama,Ca33,NA,NA,NA,NA,NA,NA,NA,NA,NA,NA,,,,,
Cd1,Barabra,Cd01,NA,NA,39,NA,Barabra,NA,NA,NA,NA,NA,,,,,
Ai8,Dilling,Ai08,NA,NA,NA,NA,NA,NA,NA,NA,NA,NA,,,,,
Cb11,Midobi,Cb11,NA,NA,NA,NA,NA,NA,NA,NA,NA,NA,,,,,
Ai43,Nyima,Ai43,NA,NA,NA,NA,NA,NA,NA,NA,NA,NA,,,,,
Cc14,Daza,Cc14,NA,NA,NA,NA,NA,NA,NA,NA,NA,NA,,,,,
Cb18,Kanembu,Cb18,NA,NA,NA,NA,NA,NA,NA,NA,NA,NA,,,,,
Cb19,Kanuri,Cb19,MS14,Kanuri,NA,NA,NA,NA,NA,NA,NA,NA,,,,,
Cc2,Teda,Cc02,MS22,Teda,40,NA,Teda,NA,NA,NA,NA,NA,,,,,
Ai46,Koma,Ai46,NA,NA,NA,NA,NA,NA,NA,NA,NA,NA,,,,,
Ai47,Mao,Ai47,NA,NA,32,NA,Mao,NA,NA,NA,NA,NA,,,,,
Cc5,Antessar,Cc05,NA,NA,NA,NA,NA,NA,NA,NA,NA,NA,,,,,
Cc10,Asben,Cc10,NA,NA,NA,NA,NA,NA,NA,NA,NA,NA,,,,,
Cc8,Aulliminden,Cc08,NA,NA,NA,NA,NA,NA,NA,NA,NA,NA,,,,,
Cc11,Azjer,Cc11,NA,NA,NA,NA,NA,NA,NA,NA,NA,NA,,,,,
Cd7,Beraber,Cd07,NA,NA,NA,NA,NA,NA,NA,NA,NA,NA,,,,,
Cc15,Drawa,Cc15,NA,NA,NA,NA,NA,NA,NA,NA,NA,NA,,,,,
Cd11,Guanche,Cd11,NA,NA,NA,NA,NA,NA,NA,NA,NA,NA,,,,,
Cc12,Ifora,Cc12,NA,NA,NA,NA,NA,NA,NA,NA,NA,NA,,,,,
Cd4,Kabyle,Cd04,NA,NA,NA,NA,NA,NA,NA,NA,NA,NA,,,,,
Cc4,Mzab,Cc04,NA,NA,NA,NA,NA,NA,NA,NA,NA,NA,,,,,
Cd3,Riffians,Cd03,MX03,Rif,42,NA,Riffians,NA,NA,NA,NA,NA,,,,,
Cd8,Shawiya,Cd08,NA,NA,NA,NA,NA,NA,NA,NA,NA,NA,,,,,
Cd5,Shluh,Cd05,MW11,Shluh,NA,NA,NA,NA,NA,NA,NA,NA,,,,,
Cc3,Siwans,Cc03,MR14,Siwans,NA,NA,NA,NA,NA,NA,NA,NA,,,,,
Cd9,Tekna,Cd09,NA,NA,NA,NA,NA,NA,NA,NA,NA,NA,,,,,
Cc9,Tuareg Ahaggar,Cc09,MS25,Tuareg,41,NA,Tuareg,NA,NA,NA,NA,NA,,,,,
Cc13,Udalan,Cc13,NA,NA,NA,NA,NA,NA,NA,NA,NA,NA,,,,,
Cd10,Zekara,Cd10,NA,NA,NA,NA,NA,NA,NA,NA,NA,NA,,,,,
Ca34,Ababda,Ca34,NA,NA,NA,NA,NA,NA,NA,NA,NA,NA,,,,,
Ca6,Afar,Ca06,NA,NA,NA,NA,NA,NA,NA,NA,NA,NA,,,,,
Ca35,Amarar,Ca35,NA,NA,NA,NA,NA,NA,NA,NA,NA,NA,,,,,
Ca27,Anfillo,Ca27,NA,NA,NA,NA,NA,NA,NA,NA,NA,NA,,,,,
Ca18,Arbore,Ca18,NA,NA,NA,NA,NA,NA,NA,NA,NA,NA,,,,,
Ca11,Arusi,Ca11,NA,NA,NA,NA,NA,NA,NA,NA,NA,NA,,,,,
Ca40,Baditu,Ca40,NA,NA,NA,NA,NA,NA,NA,NA,NA,NA,,,,,
Ca23,Bako,Ca23,NA,NA,NA,NA,NA,NA,NA,NA,NA,NA,,,,,
Ca19,Banna,Ca19,NA,NA,NA,NA,NA,NA,NA,NA,NA,NA,,,,,
Ca28,Basketo,Ca28,NA,NA,NA,NA,NA,NA,NA,NA,NA,NA,,,,,
Ca36,Beni Amer,Ca36,NA,NA,NA,NA,NA,NA,NA,NA,NA,NA,,,,,
Ca5,Bisharin,Ca05,NA,NA,NA,NA,NA,NA,NA,NA,NA,NA,,,,,
Ca37,Bogo,Ca37,NA,NA,38,NA,Bogo,NA,NA,NA,NA,NA,,,,,
Ca14,Burji,Ca14,NA,NA,NA,NA,NA,NA,NA,NA,NA,NA,,,,,
Ca15,Darasa,Ca15,NA,NA,NA,NA,NA,NA,NA,NA,NA,NA,,,,,
Ca24,Dime,Ca24,NA,NA,NA,NA,NA,NA,NA,NA,NA,NA,,,,,
Ca41,Dorse,Ca41,NA,NA,NA,NA,NA,NA,NA,NA,NA,NA,,,,,
Ca10,Esa,Ca10,M004,Somali,NA,NA,NA,NA,NA,NA,NA,NA,,,,,
Ca20,Galab,Ca20,NA,NA,NA,NA,NA,NA,NA,NA,NA,NA,,,,,
Ca12,Gibe,Ca12,NA,NA,NA,NA,NA,NA,NA,NA,NA,NA,,,,,
Ca9,Goroa,Ca09,NA,NA,NA,NA,NA,NA,NA,NA,NA,NA,,,,,
Ca21,Hammar,Ca21,NA,NA,NA,NA,NA,NA,NA,NA,NA,NA,,,,,
Ca4,Iraqw,Ca04,NA,NA,NA,NA,NA,NA,NA,NA,NA,NA,,,,,
Ca29,Janjero,Ca29,NA,NA,NA,NA,NA,NA,NA,NA,NA,NA,,,,,
Ca39,Jimma,Ca39,NA,NA,NA,NA,NA,NA,NA,NA,NA,NA,,,,,
Ca30,Kafa,Ca30,NA,NA,33,NA,Kaffa,NA,NA,NA,NA,NA,,,,,
Ca1,Konso,Ca01,NA,NA,35,NA,Konso,NA,NA,NA,NA,NA,,,,,
Ca13,Macha,Ca13,NA,NA,NA,NA,NA,NA,NA,NA,NA,NA,,,,,
Ca22,Male,Ca22,NA,NA,NA,NA,NA,NA,NA,NA,NA,NA,,,,,
Ca42,Shako,Ca42,NA,NA,NA,NA,NA,NA,NA,NA,NA,NA,,,,,
Ca25,Shangama,Ca25,NA,NA,NA,NA,NA,NA,NA,NA,NA,NA,,,,,
Ca16,Sidamo,Ca16,NA,NA,NA,NA,NA,NA,NA,NA,NA,NA,,,,,
Ca2,Somali,Ca02,M004,Somali,36,NA,Somali,NA,NA,NA,NA,NA,,,,,
Ca17,Tsamai,Ca17,NA,NA,NA,NA,NA,NA,NA,NA,NA,NA,,,,,
Ca26,Ubamer,Ca26,NA,NA,NA,NA,NA,NA,NA,NA,NA,NA,,,,,
Ah16,Angas,Ah16,NA,NA,NA,NA,NA,NA,NA,NA,NA,NA,,,,,
Cb27,Bachama,Cb27,NA,NA,NA,NA,NA,NA,NA,NA,NA,NA,,,,,
Ah34,Bata,Ah34,NA,NA,NA,NA,NA,NA,NA,NA,NA,NA,,,,,
Cb7,Bolewa,Cb07,NA,NA,NA,NA,NA,NA,NA,NA,NA,NA,,,,,
Cb5,Buduma,Cb05,NA,NA,NA,NA,NA,NA,NA,NA,NA,NA,,,,,
Ah35,Bura,Ah35,NA,NA,NA,NA,NA,NA,NA,NA,NA,NA,,,,,
Cb28,Dera,Cb28,NA,NA,NA,NA,NA,NA,NA,NA,NA,NA,,,,,
Ai17,Gisiga,Ai17,NA,NA,NA,NA,NA,NA,NA,NA,NA,NA,,,,,
Ah36,Gude,Ah36,NA,NA,NA,NA,NA,NA,NA,NA,NA,NA,,,,,
Cb9,Hausa Kanawa,Cb09,MS12,Hausa,NA,NA,NA,NA,NA,NA,NA,NA,,,,,
Ah37,Hona,Ah37,NA,NA,NA,NA,NA,NA,NA,NA,NA,NA,,,,,
Ah38,Kapsiki,Ah38,NA,NA,NA,NA,NA,NA,NA,NA,NA,NA,,,,,
Cb10,Karekare,Cb10,NA,NA,NA,NA,NA,NA,NA,NA,NA,NA,,,,,
Ai18,Kotoko,Ai18,NA,NA,NA,NA,NA,NA,NA,NA,NA,NA,,,,,
Cb1,Maguzawa,Cb01,MS12,Hausa,NA,NA,NA,NA,NA,NA,NA,NA,,,,,
Ah5,Margi,Ah05,NA,NA,NA,NA,NA,NA,NA,NA,NA,NA,,,,,
Ah7,Matakam,Ah07,NA,NA,NA,NA,NA,NA,NA,NA,NA,NA,,,,,
Ai19,Musgu,Ai19,NA,NA,NA,NA,NA,NA,NA,NA,NA,NA,,,,,
Cb29,Ngizim,Cb29,NA,NA,NA,NA,NA,NA,NA,NA,NA,NA,,,,,
Ah39,Podokwo,Ah39,NA,NA,NA,NA,NA,NA,NA,NA,NA,NA,,,,,
Cb25,Tazarawa,Cb25,NA,NA,NA,NA,NA,NA,NA,NA,NA,NA,,,,,
Cb6,Tera,Cb06,NA,NA,NA,NA,NA,NA,NA,NA,NA,NA,,,,,
Ai20,Tuburi,Ai20,NA,NA,NA,NA,NA,NA,NA,NA,NA,NA,,,,,
Cb26,Zazzagawa Hausa,Cb26,MS12,Hausa,26,NA,Hausa,NA,NA,NA,NA,NA,,,,,
Cd6,Ancient Egypt,Cd06,NA,NA,NA,NA,NA,NA,NA,NA,NA,NA,,,,,
Cd12,Algerians,Cd12,NA,NA,NA,NA,NA,NA,NA,NA,NA,NA,,,,,
Ca7,Amhara,Ca07,MP05,Amhara,37,NA,Amhara,NA,NA,NA,NA,NA,,,,,
Cj4,Babylonians,Cj04,NA,NA,45,NA,Babylonians,NA,NA,NA,NA,NA,,,,,
Cc7,Barabish,Cc07,NA,NA,NA,NA,NA,NA,NA,NA,NA,NA,,,,,
Cc16,Chaambra,Cc16,NA,NA,NA,NA,NA,NA,NA,NA,NA,NA,,,,,
Cc17,Delim,Cc17,NA,NA,NA,NA,NA,NA,NA,NA,NA,NA,,,,,
Cj8,Druze,Cj08,NA,NA,NA,NA,NA,NA,NA,NA,NA,NA,,,,,
Cd2,Egyptians,Cd02,MR13,Fellahin,43,NA,Egyptians,NA,NA,NA,NA,NA,,,,,
Ca31,Falasha,Ca31,NA,NA,NA,NA,NA,NA,NA,NA,NA,NA,,,,,
Cb12,Gimma,Cb12,NA,NA,NA,NA,NA,NA,NA,NA,NA,NA,,,,,
Ca8,Gurage,Ca08,NA,NA,NA,NA,NA,NA,NA,NA,NA,NA,,,,,
Cb13,Habbania,Cb13,NA,NA,NA,NA,NA,NA,NA,NA,NA,NA,,,,,
Cd13,Hamama,missing,NA,NA,NA,NA,NA,NA,NA,NA,NA,NA,,,,,
Cd14,Hamyan,Cd14,NA,NA,NA,NA,NA,NA,NA,NA,NA,NA,,,,,
Cb4,Hasania,Cb04,NA,NA,NA,NA,NA,NA,NA,NA,NA,NA,,,,,
Cj3,Hebrews,Cj03,NA,NA,NA,44,Hebrews,NA,NA,NA,NA,NA,,,,,
Cb14,Hemat,Cb14,NA,NA,NA,NA,NA,NA,NA,NA,NA,NA,,,,,
Cd15,Jebala,Cd15,NA,NA,NA,NA,NA,NA,NA,NA,NA,NA,,,,,
Cj6,Jordanians,Cj06,MG01,Jordan,NA,NA,NA,NA,NA,NA,NA,NA,,,,,
Cc6,Kababish,Cc06,NA,NA,NA,NA,NA,NA,NA,NA,NA,NA,,,,,
Cc18,Kunta,Cc18,NA,NA,NA,NA,NA,NA,NA,NA,NA,NA,,,,,
Cj7,Lebanese,Cj07,ME01,Lebanon,NA,NA,NA,NA,NA,NA,NA,NA,,,,,
Cj10,Madan,Cj10,NA,NA,NA,NA,NA,NA,NA,NA,NA,NA,,,,,
Cb15,Messiria Humr,Cb15,NA,NA,NA,NA,NA,NA,NA,NA,NA,NA,,,,,
Cd16,Moroccans,Cd16,NA,NA,NA,NA,NA,NA,NA,NA,NA,NA,,,,,
Cj5,Mutair,Cj05,NA,NA,NA,NA,NA,NA,NA,NA,NA,NA,,,,,
Cd17,Nail,Cd17,NA,NA,NA,NA,NA,NA,NA,NA,NA,NA,,,,,
Cc1,Regeibat,Cc01,NA,NA,NA,NA,NA,NA,NA,NA,NA,NA,,,,,
Cj2,Rwala,Cj02,MD04,Rwala,46,NA,Rwala Bedouin,NA,NA,NA,NA,NA,,,,,
Cd18,Saadi,Cd18,MT09,Libyan Bedouin,NA,NA,NA,NA,NA,NA,NA,NA,,,,,
Cd19,Sahel,Cd19,NA,NA,NA,NA,NA,NA,NA,NA,NA,NA,,,,,
Cd20,Sanusi,Cd20,MT09,Libyan Bedouin,NA,NA,NA,NA,NA,NA,NA,NA,,,,,
Cb16,Shuwa,Cb16,NA,NA,NA,NA,NA,NA,NA,NA,NA,NA,,,,,
Cj1,Syrians,Cj01,MD01,Syria,NA,NA,NA,NA,NA,NA,NA,NA,,,,,
Ca38,Tigre,Ca38,NA,NA,NA,NA,NA,NA,NA,NA,NA,NA,,,,,
Ca3,Tigrinya,Ca03,NA,NA,NA,NA,NA,NA,NA,NA,NA,NA,,,,,
Cc19,Trarza,Cc19,NA,NA,NA,NA,NA,NA,NA,NA,NA,NA,,,,,
Cd21,Tunisians,Cd21,NA,NA,NA,NA,NA,NA,NA,NA,NA,NA,,,,,
Cj9,Yemeni,Cj09,ML01,Yemen,NA,NA,NA,NA,NA,NA,NA,NA,,,,,
Cc20,Zenaga,Cc20,NA,NA,NA,NA,NA,NA,NA,NA,NA,NA,,,,,
Ee1,Abor,Ee01,NA,NA,NA,NA,NA,NA,NA,NA,NA,NA,,,,,
Ei11,Aimol,Ei11,NA,NA,NA,NA,NA,NA,NA,NA,NA,NA,,,,,
Ej7,Akha,Ej07,NA,NA,NA,NA,NA,NA,NA,NA,NA,NA,,,,,
Ei13,Angami,Ei13,NA,NA,NA,NA,NA,NA,NA,NA,NA,NA,,,,,
Ei14,Ao,Ei14,NA,NA,NA,NA,NA,NA,NA,NA,NA,NA,,,,,
Ei3,Burmese,Ei03,AP04,Burmese,71,NA,Burmese,NA,NA,NA,NA,NA,,,,,
Ei19,Chin,Ei19,NA,NA,NA,NA,NA,NA,NA,NA,NA,NA,,,,,
Ei1,Garo,Ei01,AR05,Garo,NA,69,Garo,NA,NA,NA,NA,NA,,,,,
Ei5,Kachin,Ei05,AP06,Kachin,NA,NA,NA,NA,NA,NA,NA,NA,,,,,
Ei7,Karen,Ei07,AP07,Karen,NA,NA,NA,NA,NA,NA,NA,NA,,,,,
Ei4,Lakher,Ei04,NA,NA,70,NA,Lakher,NA,NA,NA,NA,NA,,,,,
Ee3,Lepcha,Ee03,AK05,Lepcha,68,NA,Lepcha or Rong,NA,NA,NA,NA,NA,,,,,
Ei2,Lhota,Ei02,NA,NA,NA,NA,NA,NA,NA,NA,NA,NA,,,,,
Ch4,Cheremis,Ch04,NA,NA,NA,NA,NA,NA,NA,NA,NA,NA,,,,,
Ee8,Magar,Ee08,NA,NA,NA,NA,NA,NA,NA,NA,NA,NA,,,,,
Ed8,Minchia,Ed08,NA,NA,NA,NA,NA,NA,NA,NA,NA,NA,,,,,
Ei9,Mogh,Ei09,NA,NA,NA,NA,NA,NA,NA,NA,NA,NA,,,,,
Ei6,Purum,Ei06,NA,NA,NA,NA,NA,NA,NA,NA,NA,NA,,,,,
Ei16,Sema,Ei16,NA,NA,NA,NA,NA,NA,NA,NA,NA,NA,,,,,
Ee6,Sherpa,Ee06,AK06,Sherpa,NA,NA,NA,NA,NA,NA,NA,NA,,,,,
Ei12,Thado,Ei12,NA,NA,NA,NA,NA,NA,NA,NA,NA,NA,,,,,
Ee4,Tibetans,Ee04,NA,NA,NA,NA,NA,NA,NA,NA,NA,NA,,,,,
Ci2,Khevsur,Ci02,NA,NA,NA,NA,NA,NA,NA,NA,NA,NA,,,,,
Ci5,Turks,Ci05,NA,NA,47,NA,Turks,NA,NA,NA,NA,NA,,,,,
Ea12,Quahgai,missing,NA,NA,NA,NA,NA,NA,NA,NA,NA,NA,,,,,
Eg1,Chenchu,Eg01,NA,NA,NA,NA,NA,NA,NA,B15,Chenchu,NA,,,,,
Eg5,Coorg,Eg05,AW05,Coorg,NA,NA,NA,NA,NA,NA,NA,NA,,,,,
Eb3,Khalka,Eb03,AH07,Outer Mongolia,66,NA,Khalka Mongols,NA,NA,NA,NA,NA,,,,,
Eg11,Koya,Eg11,NA,NA,NA,NA,NA,NA,NA,NA,NA,NA,,,,,
Eg3,Maria Gond,Eg03,AW32,Gond,60,NA,Gond,NA,NA,NA,NA,NA,,,,,
Eg13,Muria Gond,Eg13,AW32,Gond,NA,NA,NA,NA,NA,NA,NA,NA,,,,,
Ef6,Oraon,Ef06,NA,NA,NA,NA,NA,NA,NA,NA,NA,NA,,,,,
Eg14,Reddi,Eg14,NA,NA,NA,NA,NA,NA,NA,NA,NA,NA,,,,,
Eg2,Tamil,Eg02,AW16,Tamil,NA,NA,NA,NA,NA,NA,NA,NA,,,,,
Eg10,Telugu,Eg10,AW17,Telugu,NA,NA,NA,NA,NA,NA,NA,NA,,,,,
Eg4,Toda,Eg04,AW60,Toda,61,NA,Toda,NA,NA,NA,NA,NA,,,,,
Ej5,Cambodians,Ej05,NA,NA,NA,NA,NA,NA,NA,NA,NA,NA,,,,,
Ej15,Khmer,Ej15,NA,NA,75,NA,Khmer,NA,NA,NA,NA,NA,,,,,
Ej2,Mnong Gar,Ej02,NA,NA,NA,NA,NA,NA,NA,NA,NA,NA,,,,,
Ei8,Khasi,Ei08,AR07,Khasi,NA,NA,NA,NA,NA,NA,NA,NA,,,,,
Ej1,Lamet,Ej01,NA,NA,72,NA,Lamet,NA,NA,NA,NA,NA,,,,,
Ej12,Lawa,Ej12,NA,NA,NA,NA,NA,NA,NA,NA,NA,NA,,,,,
Eh5,Nicobarese,Eh05,NA,NA,78,NA,Nicobarese,NA,NA,NA,NA,NA,,,,,
Ei18,Palaung,Ei18,NA,NA,NA,NA,NA,NA,NA,NA,NA,NA,,,,,
Eg9,Baiga,Eg09,NA,NA,NA,NA,NA,NA,NA,NA,NA,NA,,,,,
Eb7,Chahar,Eb07,NA,NA,NA,NA,NA,NA,NA,NA,NA,NA,,,,,
Ef4,Ho,Ef04,NA,NA,NA,NA,NA,NA,NA,NA,NA,NA,,,,,
Ed10,Shantung,Ed10,NA,NA,NA,NA,NA,NA,NA,NA,NA,NA,,,,,
Ef1,Santal,Ef01,AW42,Santal,62,NA,Santal,NA,NA,NA,NA,NA,,,,,
Ej3,Semang,Ej03,AN07,Semang,77,NA,Semang,NA,NA,B9,Semang,NA,,,,,
Ej14,Senoi,Ej14,AN06,Senoi,NA,NA,NA,NA,NA,NA,NA,NA,,,,,
Ej4,Annamese,Ej04,AM11,Vietnam,73,Vietnamese,NA,NA,NA,NA,NA,NA,,,,,
Ej13,Muong,Ej13,NA,NA,NA,NA,NA,NA,NA,NA,NA,NA,,,,,
Ih5,Ajie,Ih05,NA,NA,103,NA,Ajie,NA,NA,NA,NA,NA,,,,,
Ic2,Alorese,Ic02,OF05,Alor,89,NA,Alorese or Abui,NA,NA,NA,NA,NA,,,,,
Ic11,Ambonese,Ic11,NA,NA,NA,NA,NA,NA,NA,NA,NA,NA,,,,,
Ia9,Ami,Ia09,NA,NA,NA,NA,NA,NA,NA,NA,NA,NA,,,,,
Eh9,Antaisaka,Eh09,NA,NA,NA,NA,NA,NA,NA,NA,NA,NA,,,,,
Eh7,Antandroy,Eh07,NA,NA,NA,NA,NA,NA,NA,NA,NA,NA,,,,,
Ia1,Atayal,Ia01,NA,NA,113,NA,Atayal,NA,NA,NA,NA,NA,,,,,
Ig13,Aua,Ig13,NA,NA,NA,NA,NA,NA,NA,NA,NA,NA,,,,,
Ia13,Badjau Tawi-Tawi,Ia13,NA,NA,86,NA,Badjau,NA,NA,NA,NA,NA,,,,,
Ib3,Balinese,Ib03,OF07,Bali,84,NA,Balinese,NA,NA,NA,NA,NA,,,,,
Ib4,Batak,Ib04,NA,NA,NA,NA,NA,NA,NA,NA,NA,NA,,,,,
Ic3,Belu,Ic03,NA,NA,NA,NA,NA,NA,NA,NA,NA,NA,,,,,
If12,Bikinians,If12,OR11,Marshalls,NA,NA,NA,NA,NA,NA,NA,NA,,,,,
Ia8,Bontok,Ia08,NA,NA,NA,NA,NA,NA,NA,NA,NA,NA,,,,,
Ih3,Bunlap,Ih03,NA,NA,101,NA,Pentecost,NA,NA,NA,NA,NA,,,,,
Ia10,Bunun,Ia10,NA,NA,NA,NA,NA,NA,NA,NA,NA,NA,,,,,
Ie28,Busama,Ie28,NA,NA,NA,NA,NA,NA,NA,NA,NA,NA,,,,,
If15,Carolinians,If15,NA,NA,NA,NA,NA,NA,NA,NA,NA,NA,,,,,
Ej11,Cham,Ej11,NA,NA,NA,NA,NA,NA,NA,NA,NA,NA,,,,,
If8,Chamorro,If08,NA,NA,NA,NA,NA,NA,NA,NA,NA,NA,,,,,
Ig12,Choiseulese,Ig12,NA,NA,NA,NA,NA,NA,NA,NA,NA,NA,,,,,
Ig14,Dahuni,Ig14,NA,NA,NA,NA,NA,NA,NA,NA,NA,NA,,,,,
Ig5,Dobuans,Ig05,NA,NA,NA,NA,NA,NA,NA,NA,NA,NA,,,,,
Ib5,Dusun,Ib05,NA,NA,NA,NA,NA,NA,NA,NA,NA,NA,,,,,
Ij9,Easter Island,Ij09,OY02,Easter,NA,NA,NA,NA,NA,NA,NA,NA,,,,,
Ii4,Ellice,Ii04,NA,NA,NA,NA,NA,NA,NA,NA,NA,NA,,,,,
Ii8,Futunans,Ii08,NA,NA,NA,NA,NA,NA,NA,NA,NA,NA,,,,,
If7,Gilbert Onotoa,If07,NA,NA,NA,NA,NA,NA,NA,NA,NA,NA,,,,,
Ia5,Hanunoo,Ia05,NA,NA,NA,NA,NA,NA,NA,NA,NA,NA,,,,,
Ij6,Hawaiians,Ij06,OV05,Hawaiians,NA,NA,NA,NA,NA,NA,NA,NA,,,,,
Ib1,Iban,Ib01,OC06,Iban,85,NA,Iban/Sea Dayak,NA,NA,NA,NA,NA,,,,,
Ia3,Ifugao,Ia03,OA19,Ifugao,112,NA,Ifugao,NA,NA,NA,NA,NA,,,,,
If4,Ifuluk,If04,OR21,Woleai,NA,NA,NA,NA,NA,NA,NA,NA,,,,,
Ic7,Ili-Mandiri,Ic07,NA,NA,NA,NA,NA,NA,NA,NA,NA,NA,,,,,
Ib2,Javanese,Ib02,OE05,Javanese,83,NA,Javanese,NA,NA,NA,NA,NA,,,,,
Ia16,Kalinga,Ia16,NA,NA,NA,NA,NA,NA,NA,NA,NA,NA,,,,,
Ig20,Kaoka,Ig20,NA,NA,NA,NA,NA,NA,NA,NA,NA,NA,,,,,
Ii7,Kapingamarang,Ii07,NA,NA,NA,NA,NA,NA,NA,NA,NA,NA,,,,,
Ic8,Kei,Ic08,NA,NA,NA,NA,NA,NA,NA,NA,NA,NA,,,,,
Ib8,Kubu,Ib08,NA,NA,NA,NA,NA,NA,NA,B3,Kubu,NA,,,,,
Ig3,Kurtatchi,Ig03,ON06,Buka,NA,NA,NA,NA,NA,NA,NA,NA,,,,,
If11,Kusaians,If11,NA,NA,NA,NA,NA,NA,NA,NA,NA,NA,,,,,
Ig7,Lakalai,Ig07,NA,NA,NA,NA,NA,NA,NA,NA,NA,NA,,,,,
If16,Lamotrek,If16,NA,NA,NA,NA,NA,NA,NA,NA,NA,NA,,,,,
Ih4,Lau,Ih04,OQ06,Lau,NA,NA,NA,NA,NA,NA,NA,NA,,,,,
Ig4,Lesu,Ig04,OM10,New,97,NA,New Ireland,NA,NA,NA,NA,NA,,,,,
Ih7,Lifu,Ih07,NA,NA,NA,NA,NA,NA,NA,NA,NA,NA,,,,,
Ic1,Macassarese,Ic01,OG06,Makassar,NA,NA,NA,NA,NA,NA,NA,NA,,,,,
If3,Majuro,If03,OR11,Marshalls,NA,NA,NA,NA,NA,NA,NA,NA,,,,,
If14,Makin,If14,NA,NA,107,NA,Gilbertese,NA,NA,NA,NA,NA,,,,,
Ej8,Malays,Ej08,AN05,Malays,NA,NA,NA,NA,NA,NA,NA,NA,,,,,
Ie29,Manam,Ie29,NA,NA,NA,NA,NA,NA,NA,NA,NA,NA,,,,,
Ij1,Mangaians,Ij01,NA,NA,NA,NA,NA,NA,NA,NA,NA,NA,,,,,
Ij7,Mangarevans,Ij07,NA,NA,NA,NA,NA,NA,NA,NA,NA,NA,,,,,
Ij4,Manihikians,Ij04,NA,NA,NA,NA,NA,NA,NA,NA,NA,NA,,,,,
Ia15,Manobo,Ia15,NA,NA,NA,NA,NA,NA,NA,NA,NA,NA,,,,,
Ig9,Manus,Ig09,OM06,Manus,96,NA,Manus,NA,NA,NA,NA,NA,,,,,
Ij2,Maori,Ij02,OZ04,Maori,104,NA,Maori,NA,NA,NA,NA,NA,,,,,
Ij3,Marquesans,Ij03,OX06,Marquesas,NA,105,Marquesans,NA,NA,NA,NA,NA,,,,,
If17,Marshallese,If17,OR11,Marshalls,108,NA,Marshallese,NA,NA,NA,NA,NA,,,,,
Ih14,Mbau Fijians,Ih14,NA,NA,102,NA,Mbau Fijians,NA,NA,NA,NA,NA,,,,,
Ib7,Mentaweians,Ib07,OD09,NA,NA,NA,NA,NA,NA,NA,NA,NA,,,,,
Eh2,Merina,Eh02,NA,NA,NA,NA,NA,NA,NA,NA,NA,NA,,,,,
Ib6,Minangkabau,Ib06,NA,NA,NA,NA,NA,NA,NA,NA,NA,NA,,,,,
Ih1,Mota,Ih01,NA,NA,NA,NA,NA,NA,NA,NA,NA,NA,,,,,
Ie10,Motu,Ie10,NA,NA,NA,NA,NA,NA,NA,NA,NA,NA,,,,,
If13,Nauruans,If13,NA,NA,NA,NA,NA,NA,NA,NA,NA,NA,,,,,
Ej16,Negri Sembilan,Ej16,NA,NA,82,NA,Negri Sembilan,NA,NA,NA,NA,NA,,,,,
Ii9,Niueans,Ii09,NA,NA,NA,NA,NA,NA,NA,NA,NA,NA,,,,,
Ii5,Ontong Java,Ii05,NA,NA,NA,NA,NA,NA,NA,NA,NA,NA,,,,,
Ia6,Paiwan,Ia06,NA,NA,NA,NA,NA,NA,NA,NA,NA,NA,,,,,
If1,Palauans,If01,OR15,Belau,NA,111,Palauans,NA,NA,NA,NA,NA,,,,,
If5,Ponapeans,If05,NA,NA,NA,NA,NA,NA,NA,NA,NA,NA,,,,,
Ii3,Pukapukans,Ii03,OZ11,Pukapuka,NA,NA,NA,NA,NA,NA,NA,NA,,,,,
Ia11,Puyuma,Ia11,NA,NA,NA,NA,NA,NA,NA,NA,NA,NA,,,,,
Ij5,Raroians,Ij05,NA,NA,NA,NA,NA,NA,NA,NA,NA,NA,,,,,
Ii10,Rennell,Ii10,NA,NA,NA,NA,NA,NA,NA,NA,NA,NA,,,,,
Ej10,Rhade,Ej10,NA,NA,74,NA,Rhade,NA,NA,NA,NA,NA,,,,,
Ic4,Rotinese,Ic04,NA,NA,NA,NA,NA,NA,NA,NA,NA,NA,,,,,
Ih6,Rotumans,Ih06,NA,NA,NA,NA,NA,NA,NA,NA,NA,NA,,,,,
Ia2,Sagada,Ia02,NA,NA,NA,NA,NA,NA,NA,NA,NA,NA,,,,,
Eh8,Sakalava,Eh08,NA,NA,NA,NA,NA,NA,NA,NA,NA,NA,,,,,
Ii1,Samoans,Ii01,OU08,Samoa,NA,106,Samoans,NA,NA,NA,NA,NA,,,,,
Ej6,Selung,Ej06,NA,NA,NA,NA,NA,NA,NA,NA,NA,NA,,,,,
Ih2,Seniang,Ih02,NA,NA,NA,NA,NA,NA,NA,NA,NA,NA,,,,,
Ia4,Subanun,Ia04,NA,NA,NA,NA,NA,NA,NA,NA,NA,NA,,,,,
Ia12,Sugbuhanon,Ia12,OA14,Central,NA,NA,NA,NA,NA,NA,NA,NA,,,,,
Ic9,Sumbanese,Ic09,NA,NA,NA,NA,NA,NA,NA,NA,NA,NA,,,,,
Ic12,Sumbawanese,Ic12,NA,NA,NA,NA,NA,NA,NA,NA,NA,NA,,,,,
Ia7,Tagbanua,Ia07,NA,NA,NA,NA,NA,NA,NA,NA,NA,NA,,,,,
Ij8,Tahitians,Ij08,NA,NA,NA,NA,NA,NA,NA,NA,NA,NA,,,,,
Eh3,Tanala,Eh03,FY08,Tanala,81,NA,Tanala,NA,NA,NA,NA,NA,,,,,
Ig21,Tangu,Ig21,NA,NA,NA,NA,NA,NA,NA,NA,NA,NA,,,,,
Ic6,Tanimbarese,Ic06,NA,NA,NA,NA,NA,NA,NA,NA,NA,NA,,,,,
Ih10,Tannese,Ih10,NA,NA,NA,NA,NA,NA,NA,NA,NA,NA,,,,,
Ii2,Tikopia,Ii02,OT11,Tikopia,100,NA,Tikopia,NA,NA,NA,NA,NA,,,,,
Ii6,Tokelau,Ii06,NA,NA,NA,NA,NA,NA,NA,NA,NA,NA,,,,,
Ii11,Tokelau_Atafu,Ii11,NA,NA,NA,NA,NA,NA,NA,NA,NA,NA,,,,,
Ii12,Tongans,Ii12,OU09,Tonga,NA,NA,NA,NA,NA,NA,NA,NA,,,,,
Ij10,Tongarevans,Ij10,NA,NA,NA,NA,NA,NA,NA,NA,NA,NA,,,,,
Ic5,Toradja,Ic05,OG11,Toradja,87,NA,Toradja,NA,NA,NA,NA,NA,,,,,
Ig2,Trobriands,Ig02,OL06,Trobriands,98,NA,Trobrianders,NA,NA,NA,NA,NA,,,,,
If2,Trukese,If02,OR19,Truk,109,NA,Trukese,NA,NA,NA,NA,NA,,,,,
Ig6,Ulawans,Ig06,NA,NA,NA,NA,NA,NA,NA,NA,NA,NA,,,,,
If9,Ulithians,If09,NA,NA,NA,NA,NA,NA,NA,NA,NA,NA,,,,,
Ii14,Upolu,missing,NA,NA,NA,NA,NA,NA,NA,NA,NA,NA,,,,,
Ig10,Usiai,Ig10,NA,NA,NA,NA,NA,NA,NA,NA,NA,NA,,,,,
Ii13,Uveans,Ii13,NA,NA,NA,NA,NA,NA,NA,NA,NA,NA,,,,,
Ih8,Vanua Levu,Ih08,NA,NA,NA,NA,NA,NA,NA,NA,NA,NA,,,,,
Ie6,Waropen,Ie06,NA,NA,NA,NA,NA,NA,NA,NA,NA,NA,,,,,
Ie4,Wogeo,Ie04,OJ27,Wogeo,NA,NA,NA,NA,NA,NA,NA,NA,,,,,
Ia14,Yami,Ia14,NA,NA,NA,NA,NA,NA,NA,NA,NA,NA,,,,,
If6,Yapese,If06,OR22,Yap,110,NA,Yapese,NA,NA,NA,NA,NA,,,,,
Ie22,Mekeo,Ie22,NA,NA,NA,NA,NA,NA,NA,NA,NA,NA,,,,,
Ih9,Santa Cruz,Ih09,ON13,Santa Cruz,NA,NA,NA,NA,NA,NA,NA,NA,,,,,
Ie15,Abelam,Ie15,NA,NA,NA,NA,NA,NA,NA,NA,NA,NA,,,,,
Ie3,Arapesh,Ie03,NA,NA,NA,NA,NA,NA,NA,NA,NA,NA,,,,,
Ie27,Banaro,Ie27,NA,NA,NA,NA,NA,NA,NA,NA,NA,NA,,,,,
Ie38,Dani,Ie38,NA,NA,NA,NA,NA,NA,NA,NA,NA,NA,,,,,
Ie39,Elema,Ie39,NA,NA,NA,NA,NA,NA,NA,NA,NA,NA,,,,,
Ie7,Enga,Ie07,NA,NA,NA,NA,NA,NA,NA,NA,NA,NA,,,,,
Ie31,Fore,Ie31,NA,NA,NA,NA,NA,NA,NA,NA,NA,NA,,,,,
Ie35,Iatmul,Ie35,NA,NA,NA,NA,NA,NA,NA,NA,NA,NA,,,,,
Ie11,Kakoli,Ie11,NA,NA,NA,NA,NA,NA,NA,NA,NA,NA,,,,,
Ie1,Kapauku,Ie01,OJ29,Kapauku,94,NA,Kapauku,NA,NA,NA,NA,NA,,,,,
Ed15b,Chekiang,Ed15b,NA,NA,114,NA,Chinese,NA,NA,NA,NA,NA,,,,,
Ed2,Lolo,Ed02,AE04,Lolo,67,NA,Lolo or Nosu,NA,NA,NA,NA,NA,,,,,
Ie13,Kiwai,Ie13,NA,NA,NA,NA,NA,NA,NA,NA,NA,NA,,,,,
Ie24,Koiari,Ie24,NA,NA,NA,NA,NA,NA,NA,NA,NA,NA,,,,,
Ie20,Koita,Ie20,NA,NA,NA,NA,NA,NA,NA,NA,NA,NA,,,,,
Ie16,Kutubu,Ie16,NA,NA,NA,NA,NA,NA,NA,NA,NA,NA,,,,,
Ie12,Kwoma,Ie12,OJ13,Kwoma,95,NA,Kwoma,NA,NA,NA,NA,NA,,,,,
Ed6,Min Chinese,Ed06,NA,NA,NA,NA,NA,NA,NA,NA,NA,NA,,,,,
Ie21,Mailu,Ie21,NA,NA,NA,NA,NA,NA,NA,NA,NA,NA,,,,,
Ed9,Li,Ed09,NA,NA,NA,NA,NA,NA,NA,NA,NA,NA,,,,,
Ie30,Mimika,Ie30,NA,NA,NA,NA,NA,NA,NA,NA,NA,NA,,,,,
Ie14,Miriam,Ie14,NA,NA,NA,NA,NA,NA,NA,NA,NA,NA,,,,,
Eg6,Kerala,Eg06,AW11,Kerala,NA,NA,NA,NA,NA,NA,NA,NA,,,,,
Eg7,Hill Bhuiya,Eg07,NA,NA,NA,NA,NA,NA,NA,NA,NA,NA,,,,,
Ie9,Orokaiva,Ie09,OJ23,Orokaiva,NA,92,Orokaiva,NA,NA,NA,NA,NA,,,,,
Ie8,Purari,Ie08,NA,NA,NA,NA,NA,NA,NA,NA,NA,NA,,,,,
Ig11,Rossel,Ig11,NA,NA,NA,NA,NA,NA,NA,NA,NA,NA,,,,,
Ie17,Siane,Ie17,NA,NA,NA,NA,NA,NA,NA,NA,NA,NA,,,,,
Ie32,Sio,Ie32,NA,NA,NA,NA,NA,NA,NA,NA,NA,NA,,,,,
Eg8,Kol,Eg08,AW37,Kol,NA,NA,NA,NA,NA,NA,NA,NA,,,,,
Ej9,Siamese,Ej09,NA,NA,NA,76,Siamese/Central Thai,NA,NA,NA,NA,NA,,,,,
Ic10,Tobelorese,Ic10,NA,NA,88,Tobelorese,NA,NA,NA,NA,NA,NA,,,,,
Ie2,Wantoat,Ie02,NA,NA,NA,NA,NA,NA,NA,NA,NA,NA,,,,,
Id11,Gidjingali,Id11,NA,NA,NA,NA,NA,NA,NA,B87,Gidjingali,NA,,,,,
Id3,Tiwi,Id03,OI20,Tiwi,90,NA,Tiwi,300,Tiwi,B95,Tiwi,NA,,,,,
Id1,Aranda,Id01,OI08,Aranda,91,NA,Aranda or Arunta,1218,Arrernte,B124,Northern Arenda,NA,,,,,
Id4,Dieri,Id04,NA,NA,NA,NA,NA,1088,Diyari,B121,Dieri,NA,,,,,
Id5,Kariera,Id05,NA,NA,NA,NA,NA,855,Kariyarra,B106,Kariera,NA,,,,,
Id2,Murngin,Id02,OI17,Murngin,NA,NA,NA,NA,NA,B88,Murngin,NA,,,,,
Id10,Walbiri,Id10,NA,NA,NA,NA,NA,192,Warlpiri,B109,Walbiri,NA,,,,,
Id6,Wikmunkan,Id06,NA,NA,NA,NA,NA,138,Wik-Mungkan,B90,Wikmunkan,NA,,,,,
Id9,Wongaibon,Id09,NA,NA,NA,NA,NA,520,Ngiyambaa,B130,Wongaibon,NA,,,,,
Id12,Yir Yoront,Id12,NA,NA,NA,NA,NA,27,Yir Yoront,B94,Yir-yoront,NA,,,,,
Ie18,Kimam,Ie18,NA,NA,93,NA,Kimam,NA,NA,NA,NA,NA,,,,,
Ie19,Marindamin,Ie19,NA,NA,NA,NA,NA,NA,NA,NA,NA,NA,,,,,
Ce1,Gheg,Ce01,EG01,Albania,48,NA,Gheg Albanians,NA,NA,NA,NA,NA,,,,,
Ch9,Lithuanians,Ch09,NA,NA,NA,NA,NA,NA,NA,NA,NA,NA,,,,,
Cg3,Irish,Cg03,ER06,Rural Irish,51,NA,Irish,NA,NA,NA,NA,NA,,,,,
Cf2,Boers,Cf02,NA,NA,NA,NA,NA,NA,NA,NA,NA,NA,,,,,
Cg1,Dutch,Cg01,NA,NA,NA,NA,NA,NA,NA,NA,NA,NA,,,,,
Cg2,Icelanders,Cg02,EQ02,NA,NA,NA,NA,NA,NA,NA,NA,NA,,,,,
Cf1,New England,Cf01,NA,NA,NA,NA,NA,NA,NA,NA,NA,NA,,,,,
Cf3,Tristan da Cunha,Cf03,NA,NA,NA,NA,NA,NA,NA,NA,NA,NA,,,,,
Ce7,Greeks,Ce07,EH01,Greece,NA,NA,NA,NA,NA,NA,NA,NA,,,,,
Ef2,Bengali,Ef02,AW69,Bengali,NA,NA,NA,NA,NA,NA,NA,NA,,,,,
Ef5,Bhil,Ef05,AW25,Bhil,NA,NA,NA,NA,NA,NA,NA,NA,,,,,
Ei10,Chakma,Ei10,NA,NA,NA,NA,NA,NA,NA,NA,NA,NA,,,,,
Ee5,Dard,Ee05,NA,NA,NA,NA,NA,NA,NA,NA,NA,NA,,,,,
Ef9,Gujarati,Ef09,AW07,Gujarati,NA,NA,NA,NA,NA,NA,NA,NA,,,,,
Ef8,Kashmir,Ef08,AV04,Kashmiri,NA,NA,NA,NA,NA,NA,NA,NA,,,,,
Ea4,Kohistani,Ea04,NA,NA,NA,NA,NA,NA,NA,NA,NA,NA,,,,,
Ea5,Nuri,Ea05,NA,NA,NA,NA,NA,NA,NA,NA,NA,NA,,,,,
Ef7,Pahari,Ef07,NA,NA,NA,NA,NA,NA,NA,NA,NA,NA,,,,,
Ea13,Punjabi,Ea13,NA,NA,59,NA,Punjabi,NA,NA,NA,NA,NA,,,,,
Ea1,Sindhi,Ea01,NA,NA,NA,NA,NA,NA,NA,NA,NA,NA,,,,,
Eh6,Sinhalese,Eh06,AX04,Sinhalese,NA,NA,NA,NA,NA,NA,NA,NA,,,,,
Ef11,Uttar Pradesh,Ef11,AW19,Uttar,63,NA,Uttar Pradesh,NA,NA,NA,NA,NA,,,,,
Eh4,Vedda,Eh04,AX05,Vedda,NA,80,Vedda,NA,NA,B10,Vedda,NA,,,,,
Ci10,Armenians,Ci10,NA,NA,56,NA,Armenians,NA,NA,NA,NA,NA,,,,,
Ea11,Afghans,Ea11,NA,NA,NA,NA,NA,NA,NA,NA,NA,NA,,,,,
Ea8,Bakhtiari,Ea08,NA,NA,NA,NA,NA,NA,NA,NA,NA,NA,,,,,
Ea6,Basseri,Ea06,MA10,Basseri,58,NA,Basseri,NA,NA,NA,NA,NA,,,,,
Ea3,Hazara,Ea03,NA,NA,NA,NA,NA,NA,NA,NA,NA,NA,,,,,
Ea9,Iranians,Ea09,NA,NA,NA,NA,NA,NA,NA,NA,NA,NA,,,,,
Ci11,Kurd,Ci11,MA11,Kurd,NA,57,Kurd,NA,NA,NA,NA,NA,,,,,
Ea10,Marri,Ea10,NA,NA,NA,NA,NA,NA,NA,NA,NA,NA,,,,,
Ci6,Osset,Ci06,NA,NA,NA,NA,NA,NA,NA,NA,NA,NA,,,,,
Ea2,Pathan,Ea02,AU04,Pashtun,NA,NA,NA,NA,NA,NA,NA,NA,,,,,
Cf4,Brazilians,Cf04,NA,NA,NA,NA,NA,NA,NA,NA,NA,NA,,,,,
Se7,Camba,Se07,NA,NA,NA,NA,NA,NA,NA,NA,NA,NA,,,,,
Sc18,Djuka,Sc18,NA,NA,NA,NA,NA,NA,NA,NA,NA,NA,,,,,
Cf5,French Canadians,Cf05,NA,NA,NA,NA,NA,NA,NA,NA,NA,NA,,,,,
Sb9,Haitians,missing,NA,NA,NA,160,Haitians,NA,NA,NA,NA,NA,,,,,
Ce5,Neapolitians,Ce05,NA,NA,NA,NA,NA,NA,NA,NA,NA,NA,,,,,
Ce2,Portuguese,Ce02,NA,NA,NA,NA,NA,NA,NA,NA,NA,NA,,,,,
Ce3,Romans,Ce03,EI09,Imperial Romans,49,NA,Romans,NA,NA,NA,NA,NA,,,,,
Sc6,Saramacca,Sc06,SR08,Bush Negroes,165,NA,Saramacca,NA,NA,NA,NA,NA,,,,,
Ce6,Spaniards,Ce06,NA,NA,NA,NA,NA,NA,NA,NA,NA,NA,,,,,
Cg5,Walloons,Cg05,NA,NA,NA,NA,NA,NA,NA,NA,NA,NA,,,,,
Ch5,Bulgarians,Ch05,EE01,Bulgarians,NA,NA,NA,NA,NA,NA,NA,NA,,,,,
Ch6,Byelorussians,Ch06,NA,NA,NA,NA,NA,NA,NA,NA,NA,NA,,,,,
Ch3,Czechs,Ch03,NA,NA,NA,NA,NA,NA,NA,NA,NA,NA,,,,,
Ch2,Hutsul,Ch02,NA,NA,NA,NA,NA,NA,NA,NA,NA,NA,,,,,
Ch11,Russians,Ch11,NA,NA,54,NA,Russians,NA,NA,NA,NA,NA,,,,,
Ch1,Serbs,Ch01,EF06,Serbs,NA,NA,NA,NA,NA,NA,NA,NA,,,,,
Ch7,Ukranians,Ch07,RD01,Ukraine,NA,NA,NA,NA,NA,NA,NA,NA,,,,,
Ci12,Abkhaz,Ci12,RI03,Abkhaz,55,NA,Abkhaz,NA,NA,NA,NA,NA,,,,,
Ci4,Cherkess,Ci04,NA,NA,NA,NA,NA,NA,NA,NA,NA,NA,,,,,
Ci7,Chechen,Ci07,NA,NA,NA,NA,NA,NA,NA,NA,NA,NA,,,,,
Ci8,Georgians,Ci08,RI01,Georgia,NA,NA,NA,NA,NA,NA,NA,NA,,,,,
Ie23,Muju,Ie23,NA,NA,NA,NA,NA,NA,NA,NA,NA,NA,,,,,
Ci9,Svan,Ci09,NA,NA,NA,NA,NA,NA,NA,NA,NA,NA,,,,,
Ie25,Mafulu,Ie25,NA,NA,NA,NA,NA,NA,NA,NA,NA,NA,,,,,
Ch8,Hungarian,Ch08,EC01,Hungary,NA,NA,NA,NA,NA,NA,NA,NA,,,,,
Cg4,Lapps,Cg04,EP04,Lapps,52,NA,Lapps,NA,NA,NA,NA,NA,,,,,
Ec11,Selkup,Ec11,NA,NA,NA,NA,NA,NA,NA,NA,NA,NA,,,,,
Ec4,Yurak,Ec04,RU04,Samoyed,53,NA,Yurak Samoyed,NA,NA,NA,NA,NA,,,,,
Ec10,Ob Ostyak,Ec10,NA,NA,NA,NA,NA,NA,NA,NA,NA,NA,,,,,
Ec9,Goldi,Ec09,NA,NA,NA,NA,NA,NA,NA,NA,NA,NA,,,,,
Ed3,Manchu,Ed03,AG01,Manchuria,115,NA,Manchu,NA,NA,NA,NA,NA,,,,,
Eb6,Buryat,Eb06,NA,NA,NA,NA,NA,NA,NA,NA,NA,NA,,,,,
Ie26,Ngarawapum,Ie26,NA,NA,NA,NA,NA,NA,NA,NA,NA,NA,,,,,
Eb4,Dagur,Eb04,NA,NA,NA,NA,NA,NA,NA,NA,NA,NA,,,,,
Ci1,Kalmyk,Ci01,NA,NA,NA,NA,NA,NA,NA,NA,NA,NA,,,,,
Ie33,Soromadja,Ie33,NA,NA,NA,NA,NA,NA,NA,NA,NA,NA,,,,,
Ea7,Moghol,Ea07,NA,NA,NA,NA,NA,NA,NA,NA,NA,NA,,,,,
Eb2,Monguor,Eb02,AE09,Monguor,NA,NA,NA,NA,NA,NA,NA,NA,,,,,
Eb1,Kazak,Eb01,RQ02,Kazak,65,NA,Kazak,NA,NA,NA,NA,NA,,,,,
Ci3,Kumyk,Ci03,NA,NA,NA,NA,NA,NA,NA,NA,NA,NA,,,,,
Ie5,Keraki,Ie05,NA,NA,NA,NA,NA,NA,NA,NA,NA,NA,,,,,
Eb5,Turkmen,Eb05,NA,NA,NA,NA,NA,NA,NA,NA,NA,NA,,,,,
Ig1,Siuai,Ig01,NA,NA,99,NA,Siuai,NA,NA,NA,NA,NA,,,,,
Ec2,Yakut,Ec02,RV02,Yakut,NA,NA,NA,NA,NA,NA,NA,NA,,,,,
Ed5,Japanese,Ed05,NA,NA,NA,117,Japanese,NA,NA,NA,NA,NA,,,,,
Ed7,Okinawans,Ed07,AC07,Okinawa,NA,NA,NA,NA,NA,NA,NA,NA,,,,,
Ec3,Chukchee,Ec03,RY02,Chukchee,121,NA,Chukchee,NA,NA,NA,NA,NA,,,,,
Ec5,Koryak,Ec05,RY04,Koryak,NA,NA,NA,NA,NA,NA,NA,NA,,,,,
Ed4,Miao,Ed04,AE05,Miao,NA,NA,NA,NA,NA,NA,NA,NA,,,,,
Na9,Aleut,Na09,NA06,Aleut,123,NA,Aleut,NA,NA,B298,Aleut,NA,,,,,
Na11,Sivokakmeit,Na11,NA,NA,NA,NA,NA,NA,NA,NA,NA,NA,,,,,
Na13,Baffinland,Na13,NA,NA,NA,NA,NA,NA,NA,B386,Baffin Island Inuit,NA,,,,,
Na21,Caribou Eskimo,Na21,NA,NA,NA,NA,NA,NA,NA,B374,Caribou Inuit,NA,,,,,
Na10,Chugach,Na10,NA10,South Alaskan Eskimo,NA,NA,NA,NA,NA,B297,Chugash,NA,,,,,
Na3,Copper Eskimo,Na03,ND08,Copper Eskimo,124,NA,Copper Eskimo,NA,NA,NA,NA,NA,,,,,
Na25,Greenlanders,Na25,NA,NA,NA,NA,NA,NA,NA,B385,West Greenland,NA,,,,,
Na12,Nunamiut,Na12,NA,NA,NA,NA,NA,NA,NA,B377,Nunamiut Inuit,NA,,,,,
Na23,Labrador Eskimo,Na23,NA,NA,NA,NA,NA,NA,NA,B372,Labrador Inuit,NA,,,,,
Na43,Netsilik,Na43,NA,NA,NA,NA,NA,NA,NA,B387,Netsilik Inuit,NA,,,,,
Na16,Satudene,Na16,NA,NA,NA,NA,NA,NA,NA,B358,Satudene-Bear Lake,NA,,,,,
Na6,Nunivak,Na06,NA,NA,NA,NA,NA,NA,NA,B299,Nunivak,NA,,,,,
Na14,Polar Eskimo,Na14,NA,NA,NA,NA,NA,NA,NA,B388,Angmaksalik,NA,,,,,
Na2,Tareumiut,Na02,NA,NA,NA,NA,NA,NA,NA,B389,Tareumiut Inuit,NA,,,,,
Na22,Iglulik,Na22,NA,NA,NA,NA,NA,NA,NA,NA,NA,NA,,,,,
Na24,Angmagsalik,Na24,NA,NA,NA,NA,NA,NA,NA,B390,Polar Inuit,NA,,,,,
Na34,Pekangekum,Na34,NG06,Ojibwa,NA,NA,NA,NA,NA,B334,Pekangekum Ojibwa,NA,,,,,
Na29,Beaver,Na29,NA,NA,NA,NA,NA,NA,NA,B344,Beaver,NA,,,,,
Na19,Carrier,Na19,NA,NA,NA,NA,NA,NA,NA,B349,Carrier,NA,,,,,
Na18,Chilcotin,Na18,NA,NA,NA,NA,NA,NA,NA,B348,Chilcotin,NA,,,,,
Na35,Nipigon,Na35,NG06,Ojibwa,NA,NA,NA,NA,NA,B337,Nipigon Ojibwa,NA,,,,,
Na30,Chipewyan,Na30,ND07,Chipewyan,NA,NA,NA,NA,NA,B355,Chippewyan,NA,,,,,
Na15,Dogrib,Na15,NA,NA,NA,NA,NA,NA,NA,B361,Dogrib,NA,,,,,
Na8,Ingalik,Na08,NA,NA,122,NA,Ingalik,NA,NA,B357,Ingalik,NA,,,,,
Na4,Kaska,Na04,ND12,Nahane,129,NA,Kaska,NA,NA,B346,Kaska,NA,,,,,
Na20,Kutchin,Na20,NA,NA,NA,NA,NA,NA,NA,B356,Kutchin,NA,,,,,
Na1,Nabesna,Na01,NA,NA,NA,NA,NA,NA,NA,B359,Nabesna,NA,,,,,
Ne7,Sarsi,Ne07,NA,NA,NA,NA,NA,NA,NA,B260,Sarsi,NA,,,,,
Na38,Katikitegon,Na38,NA,NA,NA,NA,NA,NA,NA,B328,Katikitegon,NA,,,,,
Na28,Sekani,Na28,NA,NA,NA,NA,NA,NA,NA,B343,Sekani,NA,,,,,
Na17,Slave,Na17,NA,NA,128,NA,Slave,NA,NA,B345,Slave,NA,,,,,
Na27,Tahltan,Na27,NA,NA,NA,NA,NA,NA,NA,B347,Tahltan,NA,,,,,
Na26,Tanaina,Na26,NA,NA,NA,NA,NA,NA,NA,B362,Tanaina,NA,,,,,
Nb35,Hupa,Nb35,NA,NA,NA,NA,NA,NA,NA,B180,Hupa,NA,,,,,
Na44,Taqagmiut,Na44,NA,NA,NA,NA,NA,NA,NA,NA,NA,NA,,,,,
Nb38,Mattole,Nb38,NA,NA,NA,NA,NA,NA,NA,B169,Mattole,NA,,,,,
Na45,Mistassini,Na45,NA,NA,NA,NA,NA,NA,NA,B338,Mistassini Cree,NA,,,,,
Nb6,Tolowa,Nb06,NA,NA,NA,NA,NA,NA,NA,B178,Tolowa,NA,,,,,
Nb31,Tututni,Nb31,NA,NA,NA,NA,NA,NA,NA,B181,Tututni,NA,,,,,
Nh1,Chiricahua,Nh01,NT08,Eastern,148,NA,Chiricahua Apache,NA,NA,B242,Chiricahua Apache,NA,,,,,
Nh16,Jicarilla,Nh16,NT26,Jicarilla,NA,NA,NA,NA,NA,NA,NA,NA,,,,,
Ne2,Kiowa Apache,Ne02,NA,NA,NA,NA,NA,NA,NA,B244,Kiowa Apache,NA,,,,,
Nh24,Lipan,Nh24,NA,NA,NA,NA,NA,NA,NA,B240,Lipan Apache,NA,,,,,
Nh15,Mescalero,Nh15,NA,NA,NA,NA,NA,NA,NA,NA,NA,NA,,,,,
Nh3,Navaho,Nh03,NT13,Navaho,NA,NA,NA,NA,NA,NA,NA,NA,,,,,
Nh17,Western Apache,Nh17,NT21,Western,NA,NA,NA,NA,NA,NA,NA,NA,,,,,
Nb23,Bellabella,Nb23,NA,NA,NA,NA,NA,NA,NA,B283,Bella-Bella,NA,,,,,
Na7,Cree Attawapiskat,Na07,NA,NA,NA,NA,NA,NA,NA,B353,Attawapiskat Cree,NA,,,,,
Nb3,Kwakiutl,Nb03,NA,NA,NA,NA,NA,NA,NA,B288,Kwakiutl,NA,,,,,
Nb24,Makah,Nb24,NE11,Nootka,NA,NA,NA,NA,NA,B286,Makah,NA,,,,,
Nb11,Nootka,Nb11,NE11,Nootka,NA,NA,NA,NA,NA,B273,Nootka,NA,,,,,
Nc12,Maidu,Nc12,NA,NA,NA,NA,NA,NA,NA,B185,Mountain Maidu,NA,,,,,
Nc13,Nisenan,Nc13,NA,NA,NA,NA,NA,NA,NA,B163,Nisenan,NA,,,,,
Nc21,Lake Miwok,Nc21,NA,NA,NA,NA,NA,NA,NA,B170,Lake Miwok,NA,,,,,
Nc5,Miwok,Nc05,NA,NA,NA,NA,NA,NA,NA,B175,Sierra Miwok,NA,,,,,
Nc1,Nomlaki,Nc01,NA,NA,NA,NA,NA,NA,NA,B153,Nomlaki,NA,,,,,
Nc22,Patwin,Nc22,NA,NA,NA,NA,NA,NA,NA,B155,Patwin,NA,,,,,
Nc14,Wintu,Nc14,NA,NA,NA,NA,NA,NA,NA,B160,Wintu,NA,,,,,
Nc24,Lake Yokuts,Nc24,NS29,Yokuts,136,NA,Yokuts,NA,NA,B148,Lake Yokuts,NA,,,,,
Nb10,Alkatcho,Nb10,NA,NA,NA,NA,NA,NA,NA,B336,Allcatcho,NA,,,,,
Nc3,Yokuts,Nc03,NS29,Yokuts,NA,NA,NA,NA,NA,NA,NA,NA,,,,,
Nb19,Chinook,Nb19,NR06,NA,NA,NA,NA,NA,NA,B274,Chinook,NA,,,,,
Nd18,Wishram,Nd18,NA,NA,NA,NA,NA,NA,NA,B319,Wishram,NA,,,,,
Nb30,Takelma,Nb30,NA,NA,NA,NA,NA,NA,NA,B176,Tekelma,NA,,,,,
Nc8,Klamath,Nc08,NR10,Klamath,138,NA,Klamath,NA,NA,B189,Klamath,NA,,,,,
Nc9,Modoc,Nc09,NA,NA,NA,NA,NA,NA,NA,B188,Modoc,NA,,,,,
Nd17,Klikitat,Nd17,NA,NA,NA,NA,NA,NA,NA,B318,Yakima,NA,,,,,
Nd20,Nez Perce,Nd20,NA,NA,NA,NA,NA,NA,NA,B324,Nez Perce,NA,,,,,
Nd1,Tenino,Nd01,NA,NA,NA,NA,NA,NA,NA,B315,Tenino,NA,,,,,
Nd19,Umatilla,Nd19,NA,NA,NA,NA,NA,NA,NA,B316,Umatilla,NA,,,,,
Nb28,Alsea,Nb28,NA,NA,NA,NA,NA,NA,NA,B269,Alsea,NA,,,,,
Nb29,Siuslaw,Nb29,NA,NA,NA,NA,NA,NA,NA,NA,NA,NA,,,,,
Ng12,Choctaw,Ng12,NA,NA,NA,NA,NA,NA,NA,NA,NA,NA,,,,,
Ng3,Creek,Ng03,NN11,Creek,145,NA,Creek,NA,NA,NA,NA,NA,,,,,
Ng7,Natchez,Ng07,NA,NA,146,NA,Natchez,NA,NA,NA,NA,NA,,,,,
Nb12,Klahuse,Nb12,NA,NA,NA,NA,NA,NA,NA,NA,NA,NA,,,,,
Ng8,Timucua,Ng08,NA,NA,NA,NA,NA,NA,NA,NA,NA,NA,,,,,
Nb27,Stalo,Nb27,NA,NA,NA,NA,NA,NA,NA,B279,Stalo,NA,,,,,
Nb37,Lassik,Nb37,NA,NA,NA,NA,NA,NA,NA,B167,Lassik,NA,,,,,
Nc20,Wappo,Nc20,NA,NA,NA,NA,NA,NA,NA,B172,Wappo,NA,,,,,
Nc7,Yuki,Nc07,NS30,NA,NA,NA,NA,NA,NA,B177,Coast Yuki,NA,,,,,
Nb9,Bellacoola,Nb09,NE06,Bellacoola,132,NA,Bellacoola,NA,NA,B291,Bella-Coola,NA,,,,,
Nd14,Coeur dAlene,Nd14,NR19,Southeast,NA,NA,NA,NA,NA,B320,Coeur d'Alene,NA,,,,,
Nb14,Comox,Nb14,NA,NA,NA,NA,NA,NA,NA,B282,Comox,NA,,,,,
Nb26,Cowichan,Nb26,NA,NA,NA,NA,NA,NA,NA,B280,Cowichan,NA,,,,,
Nd12,Flathead,Nd12,NR19,Southeast,NA,NA,NA,NA,NA,B330,Flathead,NA,,,,,
Nd13,Kalispel,Nd13,NR19,Southeast,NA,NA,NA,NA,NA,B326,Kalispel,NA,,,,,
Nb39,Sinkyone,Nb39,NA,NA,NA,NA,NA,NA,NA,B166,Sinkyone,NA,,,,,
Nb16,Klallam,Nb16,NA,NA,NA,NA,NA,NA,NA,B285,Clallam,NA,,,,,
Nd9,Lillooet,Nd09,NA,NA,NA,NA,NA,NA,NA,B276,Lillooet,NA,,,,,
Nb15,Lummi,Nb15,NA,NA,NA,NA,NA,NA,NA,B277,Lummi,NA,,,,,
Nb17,Puyallup,Nb17,NA,NA,NA,NA,NA,NA,NA,B270,Puyallup,NA,,,,,
Nb25,Quinault,Nb25,NR17,Quinault,NA,NA,NA,NA,NA,B278,Quinault,NA,,,,,
Nd4,Sanpoil,Nd04,NR19,Southeast,NA,NA,NA,NA,NA,B323,Sanpoil,NA,,,,,
Nd11,Shuswap,Nd11,NA,NA,NA,NA,NA,NA,NA,B333,Shuswap,NA,,,,,
Nb8,Haisia,Nb08,NA,NA,NA,NA,NA,NA,NA,B287,Haisla,NA,,,,,
Nb13,Squamish,Nb13,NA,NA,NA,NA,NA,NA,NA,B268,Squamish,NA,,,,,
Nc15,Coast Yuki,Nc15,NS30,NA,NA,NA,NA,NA,NA,NA,NA,NA,,,,,
Nd10,Thompson,Nd10,NA,NA,NA,NA,NA,NA,NA,B325,Thompson,NA,,,,,
Nb20,Tillamok,Nb20,NA,NA,NA,NA,NA,NA,NA,B281,Tillamook,NA,,,,,
Nb2,Twana,Nb02,NA,NA,133,NA,Twana,NA,NA,B271,Twana,NA,,,,,
Nd16,Wenatchi,Nd16,NA,NA,NA,NA,NA,NA,NA,B317,Wenatchi,NA,,,,,
Ne9,Arapaho,Ne09,NQ06,Arapaho,NA,NA,NA,NA,NA,B246,Arapaho,NA,,,,,
Ne12,Blackfoot,Ne12,NF06,Blackfoot,NA,NA,NA,NA,NA,B256,Blackfoot,NA,,,,,
Ne13,Blood,Ne13,NF06,Blackfoot,NA,NA,NA,NA,NA,B259,Blood,NA,,,,,
Nc16,Huchnom,Nc16,NA,NA,NA,NA,NA,NA,NA,NA,NA,NA,,,,,
Ne5,Cheyenne,Ne05,NA,NA,NA,NA,NA,NA,NA,B245,Cheyenne,NA,,,,,
Na36,Chippewa,Na36,NG06,Ojibwa,NA,NA,NA,NA,NA,NA,NA,NA,,,,,
Nc25,Wukchumni,Nc25,NS29,Yokuts,NA,NA,NA,NA,NA,B151,Wukchumi,NA,,,,,
Ng6,Delaware,Ng06,NM07,Delaware,NA,NA,NA,NA,NA,NA,NA,NA,,,,,
Na31,Eastern Cree,Na31,NA,NA,NA,NA,NA,NA,NA,NA,NA,NA,,,,,
Na39,Eastern Ojibwa,Na39,NG06,Ojibwa,NA,NA,NA,NA,NA,NA,NA,NA,,,,,
Nd15,Sinkaitk,Nd15,NR19,Southeast,NA,NA,NA,NA,NA,B321,Sinkaietk,NA,,,,,
Ne1,Gros Ventre,Ne01,NQ13,Gros,140,NA,Gros Ventre,NA,NA,B253,Gros-Ventre,NA,,,,,
Nd65,Walapai,Nd65,NA,NA,NA,NA,NA,NA,NA,B198,Walapai,NA,,,,,
Nf9,Menomini,Nf09,NA,NA,NA,NA,NA,NA,NA,NA,NA,NA,,,,,
Nf4,Miami,Nf04,NA,NA,NA,NA,NA,NA,NA,NA,NA,NA,,,,,
Na41,Micmac,Na41,NJ05,Micmac,126,NA,Micmac,NA,NA,B329,Micmac,NA,,,,,
Nd67,Tolkepaya,Nd67,NA,NA,NA,NA,NA,NA,NA,NA,NA,NA,,,,,
Na32,Montagnais,Na32,NH06,Montagnais,125,NA,Montagnais,NA,NA,B342,Montagnais,NA,,,,,
Na5,Naskapi,Na05,NH06,Montagnais,NA,NA,NA,NA,NA,B365,Naskapi,NA,,,,,
Nd8,Chilcotin,Nd08,NA,NA,NA,NA,NA,NA,NA,NA,NA,NA,,,,,
Na33,Northern Saulteaux,Na33,NG06,Ojibwa,127,NA,Northern Saulteaux,NA,NA,B332,North Saulteaux,NA,,,,,
Nf1,Ojibwa,missing,NA,NA,NA,NA,NA,NA,NA,B254,Bungi (Plains Ojibwa),NA,,,,,
Na40,Ottawa,Na40,NA,NA,NA,NA,NA,NA,NA,NA,NA,NA,,,,,
Ne14,Bungi,Ne14,NG06,Ojibwa,NA,NA,NA,NA,NA,NA,NA,NA,,,,,
Ng4,Penobscot,Ng04,NA,NA,NA,NA,NA,NA,NA,NA,NA,NA,,,,,
Ne18,Piegan,Ne18,NF06,Blackfoot,NA,NA,NA,NA,NA,NA,NA,NA,,,,,
Ne19,Plains Cree,Ne19,NA,NA,NA,NA,NA,NA,NA,B258,Plains Cree,NA,,,,,
Na42,Potawatomi,Na42,NA,NA,NA,NA,NA,NA,NA,NA,NA,NA,,,,,
Na37,Rainy River,Na37,NG06,Ojibwa,NA,NA,NA,NA,NA,B331,Rainy River Ojibwa,NA,,,,,
Nf13,Shawnee,Nf13,NA,NA,NA,NA,NA,NA,NA,NA,NA,NA,,,,,
Nb36,Wiyot,Nb36,NA,NA,NA,NA,NA,NA,NA,B184,Wiyot,NA,,,,,
Nb4,Yurok,Nb04,NS31,Yurok,NA,134,Yurok,NA,NA,B186,Yurok,NA,,,,,
Nb18,Quileute,Nb18,NA,NA,NA,NA,NA,NA,NA,B284,Quileute,NA,,,,,
Ne11,Assiniboin,Ne11,NF04,NA,NA,NA,NA,NA,NA,B257,Assiniboine,NA,,,,,
Ng9,Catawba,Ng09,NA,NA,NA,NA,NA,NA,NA,NA,NA,NA,,,,,
Ne4,Crow,Ne04,NQ10,Crow,NA,NA,NA,NA,NA,B248,Crow,NA,,,,,
Ne15,Hidatsa,Ne15,NA,NA,141,NA,Hidatsa,NA,NA,NA,NA,NA,,,,,
Nf10,Iowa,Nf10,NA,NA,NA,NA,NA,NA,NA,NA,NA,NA,,,,,
Ne6,Mandan,Ne06,NQ17,Mandan,NA,NA,NA,NA,NA,NA,NA,NA,,,,,
Nf3,Omaha,Nf03,NQ12,Dhegiha,143,NA,Omaha,NA,NA,NA,NA,NA,,,,,
Nf11,Oto,Nf11,NA,NA,NA,NA,NA,NA,NA,NA,NA,NA,,,,,
Nf12,Ponca,Nf12,NQ12,Dhegiha,NA,NA,NA,NA,NA,NA,NA,NA,,,,,
Ne20,Santee,Ne20,NA,NA,NA,NA,NA,NA,NA,NA,NA,NA,,,,,
Ne8,Teton,Ne08,NA,NA,NA,NA,NA,NA,NA,B249,Teton Sioux (Lakota),NA,,,,,
Nf2,Winnebago,Nf02,NP12,Winnebago,NA,NA,NA,NA,NA,NA,NA,NA,,,,,
Ne10,Arikara,Ne10,NA,NA,NA,NA,NA,NA,NA,NA,NA,NA,,,,,
Nf14,Caddo,Nf14,NA,NA,NA,NA,NA,NA,NA,NA,NA,NA,,,,,
Nf7,Fox,Nf07,NP05,Fox,NA,NA,NA,NA,NA,NA,NA,NA,,,,,
Nf6,Pawnee,Nf06,NQ18,Pawnee,142,NA,Pawnee,NA,NA,NA,NA,NA,,,,,
Nf5,Wichita,Nf05,NA,NA,NA,NA,NA,NA,NA,NA,NA,NA,,,,,
Ng5,Cherokee,Ng05,NN08,Cherokee,NA,NA,NA,NA,NA,NA,NA,NA,,,,,
Ng1,Huron,Ng01,NA,NA,144,NA,Huron,NA,NA,NA,NA,NA,,,,,
Ng10,Iroquois,Ng10,NM09,Iroquois,NA,NA,NA,NA,NA,NA,NA,NA,,,,,
Nh13,Acoma,Nh13,NA,NA,NA,NA,NA,NA,NA,NA,NA,NA,,,,,
Nh7,Cochiti,Nh07,NA,NA,NA,NA,NA,NA,NA,NA,NA,NA,,,,,
Nh14,Laguna,Nh14,NA,NA,NA,NA,NA,NA,NA,NA,NA,NA,,,,,
Nh12,Santa Ana,Nh12,NA,NA,NA,NA,NA,NA,NA,NA,NA,NA,,,,,
Nf8,Hasinai,Nf08,NA,NA,NA,NA,NA,NA,NA,NA,NA,NA,,,,,
Nb33,Chimariko,Nb33,NA,NA,NA,NA,NA,NA,NA,B162,Chimariko,NA,,,,,
Nc26,Salinan,Nc26,NA,NA,NA,NA,NA,NA,NA,B164,Salinan,NA,,,,,
Nb34,Karok,Nb34,NA,NA,NA,NA,NA,NA,NA,B182,Karok,NA,,,,,
Nc18,Eastern Pomo,Nc18,NS18,Pomo,135,NA,Pomo,NA,NA,B158,Eastern Pomo,NA,,,,,
Nc17,Northern Pomo,Nc17,NS18,Pomo,NA,NA,NA,NA,NA,B173,Nothern Pomo,NA,,,,,
Nc19,Southern Pomo,Nc19,NS18,Pomo,NA,NA,NA,NA,NA,B165,Southern Pomo,NA,,,,,
Nc10,Achomawi,Nc10,NA,NA,NA,NA,NA,NA,NA,B187,Achomawi,NA,,,,,
Nc4,Atsugewi,Nc04,NA,NA,NA,NA,NA,NA,NA,B183,Atsugewi,NA,,,,,
Nb32,Shasta,Nb32,NA,NA,NA,NA,NA,NA,NA,B179,Shasta,NA,,,,,
Nh19,Cocopa,Nh19,NA,NA,NA,NA,NA,NA,NA,NA,NA,NA,,,,,
Nc6,Diegueno,Nc06,NA,NA,NA,NA,NA,NA,NA,B147,Diegueno,NA,,,,,
Nd3,Havasupai,Nd03,NT14,Plateau,150,NA,Havasupai,NA,NA,NA,NA,NA,,,,,
Ng2,Seminole,Ng02,NN16,Seminole,NA,NA,NA,NA,NA,NA,NA,NA,,,,,
Nh23,Kewyipaya,Nh23,NA,NA,NA,NA,NA,NA,NA,NA,NA,NA,,,,,
Nc34,Kiliwa,Nc34,NA,NA,NA,NA,NA,NA,NA,B146,Kiliwa,NA,,,,,
Nh5,Maricopa,Nh05,NT15,River,NA,NA,NA,NA,NA,NA,NA,NA,,,,,
Nh21,Mohave,Nh21,NT28,Mohave,NA,NA,NA,NA,NA,NA,NA,NA,,,,,
Nh20,Kamia,Nh20,NA,NA,NA,NA,NA,NA,NA,NA,NA,NA,,,,,
Nh25,Sia,Nh25,NT38,NA,NA,NA,NA,NA,NA,NA,NA,NA,,,,,
Nd66,Yavapai,Nd66,NA,NA,NA,NA,NA,NA,NA,B196,Yavapai,NA,,,,,
Nh22,Yuma,Nh22,NA,NA,NA,NA,NA,NA,NA,NA,NA,NA,,,,,
Nc11,Yana,Nc11,NA,NA,NA,NA,NA,NA,NA,B174,Northern Yana,NA,,,,,
Nj2,Aztec,Nj02,NU07,Aztec,153,NA,Aztec,NA,NA,NA,NA,NA,,,,,
Ni3,Huichol,Ni03,NA,NA,152,NA,Huichol,NA,NA,NA,NA,NA,,,,,
Nj9,Tlaxcalans,Nj09,NA,NA,NA,NA,NA,NA,NA,NA,NA,NA,,,,,
Ni2,Papago,Ni02,NU28,Papago,NA,151,Papago,NA,NA,NA,NA,NA,,,,,
Ni6,Pima,Ni06,NA,NA,NA,NA,NA,NA,NA,NA,NA,NA,,,,,
Ni1,Tarahumara,Ni01,NU33,Tarahumara,NA,NA,NA,NA,NA,NA,NA,NA,,,,,
Ni7,Yaqui,Ni07,NA,NA,NA,NA,NA,NA,NA,NA,NA,NA,,,,,
Nd46,Agaiduka,Nd46,NA,NA,NA,NA,NA,NA,NA,B232,Agaiduka Shoshoni,NA,,,,,
Nd49,Antarianunts,Nd49,NA,NA,NA,NA,NA,NA,NA,B201,Antarianunts Southern Paiute,NA,,,,,
Nd23,Atsakudokwa,Nd23,NA,NA,NA,NA,NA,NA,NA,NA,NA,NA,,,,,
Nd63,Bannock,Nd63,NA,NA,NA,NA,NA,NA,NA,B252,Bannock,NA,,,,,
Nd33,Beatty,Nd33,NA,NA,NA,NA,NA,NA,NA,NA,NA,NA,,,,,
Nd45,Bohogue,Nd45,NA,NA,NA,NA,NA,NA,NA,B229,Bohogue (Northern  Shoshoni),NA,,,,,
Nc31,Cahuilla,Nc31,NA,NA,NA,NA,NA,NA,NA,B144,Cahuilla,NA,,,,,
Nd54,Chemehuevi,Nd54,NT16,Southern,NA,NA,NA,NA,NA,NA,NA,NA,,,,,
Ne3,Comanche,Ne03,N006,Comanche,147,NA,Comanche,NA,NA,B241,Comanche,NA,,,,,
Nc32,Cupeno,Nc32,NA,NA,NA,NA,NA,NA,NA,B145,Cupeno,NA,,,,,
Nd30,Eastern Mono,Nd30,NA,NA,NA,NA,NA,NA,NA,B202,Owens Valley Paiute (Eastern Mono),NA,,,,,
Nd42,Elko Shoshoni,Nd42,NA,NA,NA,NA,NA,NA,NA,NA,NA,NA,,,,,
Nd38,Ely Shoshoni,Nd38,NT22,Western,NA,NA,NA,NA,NA,NA,NA,NA,,,,,
Nc29,Gabrielo,Nc29,NA,NA,NA,NA,NA,NA,NA,B156,Gabrieleno,NA,,,,,
Nd48,Gosiute,Nd48,NT22,Western,NA,NA,NA,NA,NA,B214,Gosiute Shoshoni,NA,,,,,
Nd37,Hamilton,Nd37,NT22,Western,NA,NA,NA,NA,NA,B217,Railroad Valley Shoshoni,NA,,,,,
Nh18,Hopi,Nh18,NT09,Hopi,NA,NA,NA,NA,NA,NA,NA,NA,,,,,
Nd5,Hukundika,Nd05,NA,NA,NA,NA,NA,NA,NA,B213,Hukundika Shoshoni,NA,,,,,
Nd53,Kaibab,Nd53,NA,NA,NA,NA,NA,NA,NA,B204,Kaibab Souther Paiute,NA,,,,,
Nc27,Kawaiisu,Nc27,NA,NA,NA,NA,NA,NA,NA,B199,Kawaiisu Shoshoni,NA,,,,,
Nd24,Kidutokado,Nd24,NR13,Northern,NA,NA,NA,NA,NA,B226,Kidutokado (Surprise Valley Paiute),NA,,,,,
Nd31,Koso,Nd31,NT22,Western,NA,NA,NA,NA,NA,B197,Koso Mountain Shoshoni,NA,,,,,
Nd27,Kuyuidokado,Nd27,NR13,Northern,NA,NA,NA,NA,NA,B208,Kuyuidokado (Pyramid Lake Paiute),NA,,,,,
Nd55,Las Vegas,Nd55,NA,NA,NA,NA,NA,NA,NA,NA,NA,NA,,,,,
Nd34,Lida Shoshoni,Nd34,NT22,Western,NA,NA,NA,NA,NA,NA,NA,NA,,,,,
Nc33,Luiseno,Nc33,NA,NA,NA,NA,NA,NA,NA,B150,Luiseno,NA,,,,,
Nd35,Mahaguaduka,Nd35,NT22,Western,NA,NA,NA,NA,NA,B218,Reese River Shoshoni,NA,,,,,
Nd60,Moache,Nd60,NA,NA,NA,NA,NA,NA,NA,NA,NA,NA,,,,,
Nd59,Moanunts,Nd59,NA,NA,NA,NA,NA,NA,NA,NA,NA,NA,,,,,
Nd51,Moapa,Nd51,NA,NA,NA,NA,NA,NA,NA,NA,NA,NA,,,,,
Nc23,Monachi,Nc23,NA,NA,NA,NA,NA,NA,NA,B157,Monache,NA,,,,,
Nd57,Pahvant,Nd57,NA,NA,NA,NA,NA,NA,NA,NA,NA,NA,,,,,
Nd32,Panamint,Nd32,NT22,Western,NA,NA,NA,NA,NA,B195,Panamint Shoshoni,NA,,,,,
Nd50,Panguitch,Nd50,NA,NA,NA,NA,NA,NA,NA,NA,NA,NA,,,,,
Nd56,San Juan,Nd56,NA,NA,NA,NA,NA,NA,NA,NA,NA,NA,,,,,
Nd25,Sawakudokwa,Nd25,NR13,Northern,NA,NA,NA,NA,NA,NA,NA,NA,,,,,
Nc30,Serrano,Nc30,NA,NA,NA,NA,NA,NA,NA,B149,Serrano,NA,,,,,
Nd52,Shivwits,Nd52,NA,NA,NA,NA,NA,NA,NA,NA,NA,NA,,,,,
Nd2,Southern Ute,Nd02,NT19,Ute,NA,NA,NA,NA,NA,B222,Southern Ute (Wimonantci Ute),NA,,,,,
Nd39,Spring Valley,Nd39,NA,NA,NA,NA,NA,NA,NA,B215,Spring Valley Shoshoni,NA,,,,,
Nd21,Tagotoka,Nd21,NR13,Northern,NA,NA,NA,NA,NA,NA,NA,NA,,,,,
Nd61,Taviwatsiu,Nd61,NA,NA,NA,NA,NA,NA,NA,NA,NA,NA,,,,,
Nd28,Toedokado,Nd28,NR13,Northern,NA,NA,NA,NA,NA,B210,Cattail Paiute,NA,,,,,
Nd40,Tubaduka,Nd40,NA,NA,NA,NA,NA,NA,NA,B221,Grouse Creek Shoshoni,NA,,,,,
Nc2,Tubatulabal,Nc02,NS22,Tubatulabal,NA,NA,NA,NA,NA,B152,Tubatulabal,NA,,,,,
Nd47,Tukudika,Nd47,NA,NA,NA,NA,NA,NA,NA,NA,NA,NA,,,,,
Nd29,Tunava,Nd29,NA,NA,NA,NA,NA,NA,NA,B206,Deep Springs Paiute,NA,,,,,
Nd58,Uintah,Nd58,NA,NA,NA,NA,NA,NA,NA,B230,Uintah Ute,NA,,,,,
Nd62,Uncompahgre,Nd62,NA,NA,NA,NA,NA,NA,NA,B234,Uncompahgre Ute,NA,,,,,
Nd22,Wadadokado,Nd22,NR13,Northern,137,NA,Paiute,NA,NA,B231,Wadadokado Paiute,NA,,,,,
Nd41,Wadaduka,Nd41,NA,NA,NA,NA,NA,NA,NA,B228,Wadadika (Ruby Valley Shoshoni),NA,,,,,
Nd26,Wadatkuht,Nd26,NR13,Northern,NA,NA,NA,NA,NA,NA,NA,NA,,,,,
Nd43,White Knife,Nd43,NA,NA,NA,NA,NA,NA,NA,B216,White Knife Shoshoni,NA,,,,,
Nd64,Wind River,Nd64,NA,NA,NA,NA,NA,NA,NA,B227,Wind River Shoshoni,NA,,,,,
Nd36,Wiyambituka,Nd36,NT22,Western,NA,NA,NA,NA,NA,B233,Little Smokey Shoshoni,NA,,,,,
Nd44,Yahanduka,Nd44,NA,NA,NA,NA,NA,NA,NA,NA,NA,NA,,,,,
Nh2,Hano,Nh02,NA,NA,NA,NA,NA,NA,NA,NA,NA,NA,,,,,
Nh11,Tewa,Nh11,NT18,Tewa,NA,NA,NA,NA,NA,NA,NA,NA,,,,,
Nh10,Isleta,Nh10,NA,NA,NA,NA,NA,NA,NA,NA,NA,NA,,,,,
Nh9,Picuris,Nh09,NA,NA,NA,NA,NA,NA,NA,NA,NA,NA,,,,,
Nh6,Taos,Nh06,NT17,Taos,NA,NA,NA,NA,NA,NA,NA,NA,,,,,
Nh8,Jemez,Nh08,NA,NA,NA,NA,NA,NA,NA,NA,NA,NA,,,,,
Sa11,Cakchiquel,Sa11,NA,NA,NA,NA,NA,NA,NA,NA,NA,NA,,,,,
Sa3,Chorti,Sa03,NA,NA,NA,NA,NA,NA,NA,NA,NA,NA,,,,,
Sa10,Lacandon,Sa10,NA,NA,NA,NA,NA,NA,NA,NA,NA,NA,,,,,
Sa8,Mam,Sa08,NW08,Mam,NA,NA,NA,NA,NA,NA,NA,NA,,,,,
Sa13,Quiche,Sa13,NA,NA,155,NA,Quiche,NA,NA,NA,NA,NA,,,,,
Sa6,Yucatec Maya,Sa06,NV10,Yucatec Maya,NA,NA,NA,NA,NA,NA,NA,NA,,,,,
Nj6,Huave,Nj06,NA,NA,NA,NA,NA,NA,NA,NA,NA,NA,,,,,
Nj7,Mixe,Nj07,NA,NA,NA,NA,NA,NA,NA,NA,NA,NA,,,,,
Nj3,Popoluca,Nj03,NA,NA,154,NA,Popoluca,NA,NA,NA,NA,NA,,,,,
Ni5,Chichimec,Ni05,NA,NA,NA,NA,NA,NA,NA,B191,Chichimec,NA,,,,,
Nj10,Zapotec,Nj10,NU44,Zapotec,NA,NA,NA,NA,NA,NA,NA,NA,,,,,
Si3,Bacairi,Si03,SP07,Bacairi,NA,NA,NA,NA,NA,NA,NA,NA,,,,,
Sb1,Callinago,Sb01,ST13,Callinago,161,NA,Callinago,NA,NA,NA,NA,NA,,,,,
Sa7,Black Carib,Sa07,SA12,Garifuna,NA,NA,NA,NA,NA,NA,NA,NA,,,,,
Sb2,Cagaba,Sb02,SC07,Cagaba,NA,NA,NA,NA,NA,NA,NA,NA,,,,,
Sc11,Camaracoto,Sc11,SS16,Pemon,NA,NA,NA,NA,NA,NA,NA,NA,,,,,
Sb4,Carinya,Sb04,NA,NA,NA,NA,NA,NA,NA,NA,NA,NA,,,,,
Si10,Kuikuru,Si10,NA,NA,NA,NA,NA,NA,NA,NA,NA,NA,,,,,
Sc12,Macusi,Sc12,NA,NA,NA,NA,NA,NA,NA,NA,NA,NA,,,,,
Sc13,Panare,Sc13,NA,NA,NA,NA,NA,NA,NA,NA,NA,NA,,,,,
Sc15,Taulipang,Sc15,NA,NA,NA,NA,NA,NA,NA,NA,NA,NA,,,,,
Sc10,Locono,Sc10,NA,NA,NA,NA,NA,NA,NA,NA,NA,NA,,,,,
Sd7,Waiwai,Sd07,NA,NA,NA,NA,NA,NA,NA,NA,NA,NA,,,,,
Sc7,Yabarana,Sc07,NA,NA,NA,NA,NA,NA,NA,NA,NA,NA,,,,,
Sc16,Yekuana,Sc16,NA,NA,NA,NA,NA,NA,NA,NA,NA,NA,,,,,
Sb7,Yupa,Sb07,NA,NA,NA,NA,NA,NA,NA,NA,NA,NA,,,,,
Se4,Yagua,Se04,NA,NA,NA,NA,NA,NA,NA,NA,NA,NA,,,,,
Se6,Witoto,Se06,NA,NA,NA,NA,NA,NA,NA,NA,NA,NA,,,,,
Sa5,Bribri,Sa05,SA19,Talamanca,NA,157,Bribri,NA,NA,NA,NA,NA,,,,,
Sc3,Barama Carib,Sc03,SR09,Carib,164,NA,Barama Carib,NA,NA,NA,NA,NA,,,,,
Sf3,Cayapa,Sf03,SD06,Cayapa,168,NA,Cayapa,NA,NA,NA,NA,NA,,,,,
Sf6,Chibcha,Sf06,NA,NA,NA,NA,NA,NA,NA,NA,NA,NA,,,,,
Sa1,Cuna,Sa01,SB05,Cuna,158,NA,Cuna (Tule),NA,NA,NA,NA,NA,,,,,
Sf5,Paez,Sf05,SC15,Paez,NA,NA,NA,NA,NA,NA,NA,NA,,,,,
Sf4,Tunebo,Sf04,NA,NA,NA,NA,NA,NA,NA,NA,NA,NA,,,,,
Sa9,Miskito,Sa09,SA15,Mosquito,156,NA,Miskito,NA,NA,NA,NA,NA,,,,,
Sj7,Apinaye,Sj07,NA,NA,NA,NA,NA,NA,NA,NA,NA,NA,,,,,
Sd4,Waica,Sd04,SQ18,Yanoama,NA,NA,NA,NA,NA,NA,NA,NA,,,,,
Sd5,Maue,Sd05,NA,NA,NA,NA,NA,NA,NA,NA,NA,NA,,,,,
Sj11,Shavante,Sj11,NA,NA,179,NA,Shavante,NA,NA,NA,NA,NA,,,,,
Se10,Cocama,Se10,NA,NA,NA,NA,NA,NA,NA,NA,NA,NA,,,,,
Si1,Bororo,Si01,SP08,Bororo,NA,NA,NA,NA,NA,B41,Bororo,NA,,,,,
Sf1,Inca,Sf01,SE13,Inca,171,NA,Inca,NA,NA,NA,NA,NA,,,,,
Sj3,Aweikoma,Sj03,SM03,Caingang,180,NA,Aweikoma,NA,NA,B50,Aweikomo,NA,,,,,
Sh3,Abipon,Sh03,SI04,Abipon,183,NA,Abipon,NA,NA,NA,NA,NA,,,,,
Sh4,Caduveo,Sh04,NA,NA,NA,NA,NA,NA,NA,NA,NA,NA,,,,,
Sh8,Toba,Sh08,SI12,Toba,NA,NA,NA,NA,NA,NA,NA,NA,,,,,
Sh5,Choroti,Sh05,SK06,Choroti,NA,NA,NA,NA,NA,NA,NA,NA,,,,,
Sh1,Mataco,Sh01,SI07,Mataco,NA,NA,NA,NA,NA,NA,NA,NA,,,,,
Sh9,Lengua,Sh09,NA,NA,182,NA,Lengua,NA,NA,NA,NA,NA,,,,,
Se8,Amahuaca,Se08,NA,NA,170,NA,Amahuaca,NA,NA,NA,NA,NA,,,,,
Se11,Chacobo,Se11,NA,NA,NA,NA,NA,NA,NA,NA,NA,NA,,,,,
Se9,Conibo,Se09,NA,NA,NA,NA,NA,NA,NA,NA,NA,NA,,,,,
Sh6,Chamacoco,Sh06,NA,NA,NA,NA,NA,NA,NA,NA,NA,NA,,,,,
Si5,Camayura,Si05,NA,NA,NA,NA,NA,NA,NA,NA,NA,NA,,,,,
Sj10,Cayua,Sj10,SM04,Guarani,NA,181,Cayua,NA,NA,NA,NA,NA,,,,,
Sh7,Chiriguano,Sh07,SF10,Chiriguano,NA,NA,NA,NA,NA,NA,NA,NA,,,,,
Si8,Umotina,Si08,NA,NA,NA,NA,NA,NA,NA,NA,NA,NA,,,,,
Sj2,Sherente,Sj02,NA,NA,NA,NA,NA,NA,NA,NA,NA,NA,,,,,
Sd1,Mundurucu,Sd01,SQ13,Mundurucu,NA,166,Mundurucu,NA,NA,NA,NA,NA,,,,,
Se1,Siriono,Se01,SF21,Siriono,173,NA,Siriono,NA,NA,B43,Siriono,NA,,,,,
Sd2,Tapirape,Sd02,SP22,Tapirape,NA,NA,NA,NA,NA,NA,NA,NA,,,,,
Sj6,Tenetehara,Sj06,NA,NA,NA,NA,NA,NA,NA,NA,NA,NA,,,,,
Sj8,Tupinamba,Sj08,S009,Tupinamba,177,NA,Tupinamba,NA,NA,NA,NA,NA,,,,,
Se5,Cubeo,Se05,SQ19,Tucano,167,NA,Cubeo,NA,NA,NA,NA,NA,,,,,
Sf7,Campa,Sf07,NA,NA,NA,NA,NA,NA,NA,NA,NA,NA,,,,,
Sc9,Curipaco,Sc09,NA,NA,NA,NA,NA,NA,NA,NA,NA,NA,,,,,
Sb6,Goajiro,Sb06,SC13,Goajiro,159,NA,Goajiro,NA,NA,NA,NA,NA,,,,,
Sj4,Ramcocamecra,Sj04,S008,Timbira,176,NA,Timbira,NA,NA,NA,NA,NA,,,,,
Sd3,Palikur,Sd03,NA,NA,NA,NA,NA,NA,NA,NA,NA,NA,,,,,
Sb5,Paraujano,Sb05,NA,NA,NA,NA,NA,NA,NA,B35,Paraujano,NA,,,,,
Si7,Paressi,Si07,NA,NA,NA,NA,NA,NA,NA,NA,NA,NA,,,,,
Sc17,Piapoco,Sc17,NA,NA,NA,NA,NA,NA,NA,NA,NA,NA,,,,,
Sb8,Taino,Sb08,NA,NA,NA,NA,NA,NA,NA,NA,NA,NA,,,,,
Sh2,Terena,Sh02,SK07,Guana,NA,NA,NA,NA,NA,NA,NA,NA,,,,,
Sc5,Wapishana,Sc05,NA,NA,NA,NA,NA,NA,NA,NA,NA,NA,,,,,
Sg2,Mapuche,Sg02,SG04,Aracuanians,NA,184,Mapuche,NA,NA,NA,NA,NA,,,,,
Sg3,Ona,Sg03,SH04,Ona,NA,NA,NA,NA,NA,B54,Ona,NA,,,,,
Sg4,Tehuelche,Sg04,SH05,Tehuelche,185,NA,Tehuelche or Patagon,NA,NA,B51,Tehuelche,NA,,,,,
Sf2,Aymara,Sf02,SF05,Aymara,172,NA,Aymara,NA,NA,NA,NA,NA,,,,,
Sj9,Coroa,Sj09,NA,NA,NA,NA,NA,NA,NA,NA,NA,NA,,,,,
Ec7,Ainu,Ec07,AB06,Ainu,118,NA,Ainu,NA,NA,B22,Ainu,NA,,,,,
Sg5,Alacaluf,Sg05,NA,NA,NA,NA,NA,NA,NA,B53,Alacaluf,NA,,,,,
Eh1,Andamese,Eh01,AZ02,Andamans,NA,79,Andamanese,NA,NA,NA,NA,NA,,,,,
Ce4,Basques,Ce04,EX08,Basques,NA,50,Basques,NA,NA,NA,NA,NA,,,,,
Sj5,Botocudo,Sj05,NA,NA,178,NA,Botocudo,NA,NA,B48,Botocudo,NA,,,,,
Ee2,Burusho,Ee02,AV07,Burusho,64,NA,Burusho,NA,NA,NA,NA,NA,,,,,
Sj1,Caraja,Sj01,SP09,Caraja,NA,NA,NA,NA,NA,NA,NA,NA,,,,,
Nj1,Chinantec,Nj01,NA,NA,NA,NA,NA,NA,NA,NA,NA,NA,,,,,
Sa4,Choco,Sa04,NA,NA,NA,NA,NA,NA,NA,NA,NA,NA,,,,,
Nc28,Chumash,Nc28,NA,NA,NA,NA,NA,NA,NA,B161,Chumash,NA,,,,,
Nb21,Coos,Nb21,NA,NA,NA,NA,NA,NA,NA,B275,Coos,NA,,,,,
Nb5,Eyak,Nb05,NA,NA,130,NA,Eyak,NA,NA,B295,Eyak,NA,,,,,
Cb17,Fur,Cb17,NA,NA,29,NA,Fur,NA,NA,NA,NA,NA,,,,,
Ec1,Gilyak,Ec01,RX02,Gilyak,119,NA,Gilyak,NA,NA,B25,Gilyak,NA,,,,,
Sc4,Guahibo,Sc04,NA,NA,NA,NA,NA,NA,NA,B39,Guahibo,NA,,,,,
Si6,Guato,Si06,NA,NA,NA,NA,NA,NA,NA,B42,Guato,NA,,,,,
Nb1,Haida,Nb01,NA,NA,131,NA,Haida,NA,NA,B290,Haida,NA,,,,,
Se3,Jivaro,Se03,SD09,Jivaro,NA,169,Jivaro,NA,NA,NA,NA,NA,,,,,
Ne16,Karankawa,Ne16,NA,NA,NA,NA,NA,NA,NA,B193,Karankawa,NA,,,,,
Ec8,Ket,Ec08,NA,NA,NA,NA,NA,NA,NA,B24,Ket,NA,,,,,
Ne17,Kiowa,Ne17,NA,NA,NA,NA,NA,NA,NA,B243,Kiowa,NA,,,,,
Ed1,Koreans,Ed01,AA01,Korea,116,NA,Koreans,NA,NA,NA,NA,NA,,,,,
Nd7,Kutenai,Nd07,NA,NA,139,NA,Kutenai,NA,NA,B250,Kutenai,NA,,,,,
Sa12,Lenca,Sa12,NA,NA,NA,NA,NA,NA,NA,NA,NA,NA,,,,,
Si4,Nambicura,Si04,SP17,Nambicuara,174,Nambicuara,NA,NA,NA,B45,Nambikwara,NA,,,,,
Sc8,Piaroa,Sc08,NA,NA,NA,NA,NA,NA,NA,NA,NA,NA,,,,,
Sd8,Sanema,Sd08,SQ18,Yanoama,NA,NA,NA,NA,NA,NA,NA,NA,,,,,
Ni4,Seri,Ni04,NU31,Seri,NA,NA,NA,NA,NA,B143,Seri,NA,,,,,
Sd6,Shiriana,Sd06,SQ18,Yanoama,NA,NA,NA,NA,NA,B36,Shiriana,NA,,,,,
Cb3,Songhai,Cb03,NA,NA,24,NA,Songhai,NA,NA,NA,NA,NA,,,,,
Ce8,Spanish Basques,missing,NA,NA,NA,NA,NA,NA,NA,NA,NA,NA,,,,,
Nj8,Tarasco,Nj08,NU34,Tarasco,NA,NA,NA,NA,NA,NA,NA,NA,,,,,
Id8,Tasmanians,Id08,OI19,Tasmanians,NA,NA,NA,NA,NA,B137,Tasmanians (western),"Some uncertainty - not clear which tasmanian society should be matched to ""Tasmanians"" in EA; done based on GIS",,,,,
Nb22,Tlingit,Nb22,NA12,Tlingit,NA,NA,NA,NA,NA,B292,Tlingit,NA,,,,,
Nj4,Totonac,Nj04,NA,NA,NA,NA,NA,NA,NA,NA,NA,NA,,,,,
Si2,Trumai,Si02,SP23,Trumai,175,NA,Trumai,NA,NA,NA,NA,NA,,,,,
Nb7,Tsimshian,Nb07,NA,NA,NA,NA,NA,NA,NA,B289,Tsimshim,NA,,,,,
Se2,Tucuna,Se02,SQ20,Tucuna,NA,NA,NA,NA,NA,NA,NA,NA,,,,,
Sc1,Warrau,Sc01,SS18,Warao,NA,162,Warrau,NA,NA,NA,NA,NA,,,,,
Nd6,Washo,Nd06,NT20,Washo,NA,NA,NA,NA,NA,B225,Washo,NA,,,,,
Sg1,Yahgan,Sg01,SH06,Yahgan,186,NA,Yahgan,NA,NA,B55,Yaghan,NA,,,,,
Sd9,Yanomamo,Sd09,SQ18,Yanoama,163,NA,Yanomamo,NA,NA,NA,NA,NA,,,,,
Sc2,Yaruro,Sc02,SS19,Yaruro,NA,NA,NA,NA,NA,B38,Yaruro-Pume,NA,,,,,
Ng11,Yuchi,Ng11,NA,NA,NA,NA,NA,NA,NA,NA,NA,NA,,,,,
Ec6,Yukaghir,Ec06,NA,NA,120,NA,Yukaghir,NA,NA,B26,Yukaghir,NA,,,,,
Cb20,Zerma,Cb20,NA,NA,NA,NA,NA,NA,NA,NA,NA,NA,,,,,
Nh4,Zuni,Nh04,NT23,Zuni,149,NA,Zuni,NA,NA,NA,NA,NA,,,,,
ec12,Nganasan,NA,check,check,NA,NA,NA,NA,NA,B27,Nganasan,NA,,,,,
ec13,Itelmen,NA,check,check,NA,NA,NA,NA,NA,NA,NA,NA,,,,,
ec14,Ungazikmit,NA,check,check,NA,NA,NA,NA,NA,B28,Siberian Eskimo,"Some uncertainty re: EA society match, but Krupnik reference used for both",,,,,
ec15,Mansi,NA,check,check,NA,NA,NA,NA,NA,NA,NA,NA,,,,,
ec16,Evenk,NA,check,check,NA,NA,NA,NA,NA,NA,NA,NA,,,,,
ec17,Negidal,NA,check,check,NA,NA,NA,NA,NA,NA,NA,NA,,,,,
ec18,Ulch,NA,check,check,NA,NA,NA,NA,NA,NA,NA,NA,,,,,
ec19,Orok,NA,check,check,NA,NA,NA,NA,NA,NA,NA,NA,,,,,
ec20,Oroch,NA,check,check,NA,NA,NA,NA,NA,NA,NA,NA,,,,,
ec21,Udihe,NA,check,check,NA,NA,NA,NA,NA,NA,NA,NA,,,,,
ch12,Bashkir,NA,check,check,NA,NA,NA,NA,NA,NA,NA,NA,,,,,
ch13,Besermyan,NA,check,check,NA,NA,NA,NA,NA,NA,NA,NA,,,,,
ch14,Chuvash,NA,check,check,NA,NA,NA,NA,NA,NA,NA,NA,,,,,
ch15,Erzia mordva,NA,check,check,NA,NA,NA,NA,NA,NA,NA,NA,,,,,
ch16,Estonians,NA,check,check,NA,NA,NA,NA,NA,NA,NA,NA,,,,,
ch17,Gagauz,NA,check,check,NA,NA,NA,NA,NA,NA,NA,NA,,,,,
ch18,Ingrians,NA,check,check,NA,NA,NA,NA,NA,NA,NA,NA,,,,,
ch19,Karelians,NA,check,check,NA,NA,NA,NA,NA,NA,NA,NA,,,,,
ch20,Kazan tatar,NA,check,check,NA,NA,NA,NA,NA,NA,NA,NA,,,,,
ch21,Latvians,NA,check,check,NA,NA,NA,NA,NA,NA,NA,NA,,,,,
ch22,Lithuanian Karaim,NA,check,check,NA,NA,NA,NA,NA,NA,NA,NA,,,,,
ch23,Lithuanian Tatar,NA,check,check,NA,NA,NA,NA,NA,NA,NA,NA,,,,,
ch24,Livs,NA,check,check,NA,NA,NA,NA,NA,NA,NA,NA,,,,,
ch25,Moldovans,NA,check,check,NA,NA,NA,NA,NA,NA,NA,NA,,,,,
ch26,Udmurt,NA,check,check,NA,NA,NA,NA,NA,NA,NA,NA,,,,,
ch27,Veps,NA,check,check,NA,NA,NA,NA,NA,NA,NA,NA,,,,,
ch28,Votes,NA,check,check,NA,NA,NA,NA,NA,NA,NA,NA,,,,,
,,,,,,,,,,,,,,,,,
,,,,,,,,,,,,,,,,,