xd_id,iso_6933,N_iso_shared,DialectLanguageGlottocode,DialectLanguageLevel,FamilyGlottocode,FamilyLevel,xd_id
xd300,bzw,2,basa1282,language,atla1278,family,xd300
xd1381,pib,1,yine1238,language,araw1281,family,xd1381
xd907,apf,1,agta1234,language,aust1307,family,xd907
xd378,hoz,1,hozo1236,language,maoo1243,family,xd378
xd615,mvf,1,peri1253,language,mong1329,family,xd615
xd913,mal,2,sout2708,dialect,drav1251,family,xd913
xd489,thv,2,ghat1242,dialect,afro1255,family,xd489
xd17,cce,2,leng1257,dialect,atla1278,family,xd17
xd317,brt,1,bita1251,language,atla1278,family,xd317
xd985,qjg,1,guai1237,language,guai1237,language,xd985
xd853,lgu,1,long1395,language,aust1307,family,xd853
xd925,tap,2,taab1238,language,atla1278,family,xd925
xd66,buf,1,bush1247,language,atla1278,family,xd66
xd794,kig,1,kima1246,language,kolo1268,family,xd794
xd795,mrz,1,nucl1622,language,mari1437,family,xd795
xd5,bip,1,bila1255,language,atla1278,family,xd5
xd815,szb,1,ngal1298,language,nucl1709,family,xd815
xd928,msh,1,masi1268,language,aust1307,family,xd928
xd635,ain,1,ainu1240,language,ainu1252,family,xd635
xd1124,x07,1,tule1245,language,yoku1255,family,xd1124
xd536,eng,2,indi1255,dialect,indo1319,family,xd536
xd842,lle,1,lele1270,language,aust1307,family,xd842
xd901,sii,1,shom1245,language,shom1245,language,xd901
xd943,gbu,1,gaga1251,language,gaga1251,language,xd943
xd9,hts,1,hadz1240,language,hadz1240,language,xd9
xd922,x05,1,chon1248,language,chon1248,language,xd922
xd654,bsk,1,buru1296,language,buru1296,language,xd654
xd1094,cid,1,chim1301,language,chim1301,language,xd1094
xd1250,ctm,1,chit1248,language,chit1248,language,xd1250
xd531,eus,2,labo1236,dialect,basq1248,language,xd531
xd535,eus,2,west1508,dialect,basq1248,language,xd535
xd1403,gta,1,guat1253,language,guat1253,language,xd1403
xd1139,kla,2,klam1254,language,klam1254,language,xd1139
xd1140,kla,2,klam1254,language,klam1254,language,xd1140
xd1205,kut,1,kute1249,language,kute1249,language,xd1205
xd1095,kyh,1,karo1304,language,karo1304,language,xd1095
xd1256,ncz,1,natc1249,language,natc1249,language,xd1256
xd617,niv,1,gily1242,language,gily1242,language,xd617
xd1289,sei,1,seri1257,language,seri1257,language,xd1289
xd1089,sis,1,sius1254,language,sius1254,language,xd1089
xd1125,sln,1,sali1253,language,sali1253,language,xd1125
xd1399,tpy,1,trum1247,language,trum1247,language,xd1399
xd1196,was,1,wash1253,language,wash1253,language,xd1196
xd1335,wba,1,wara1303,language,wara1303,language,xd1335
xd1221,xcw,1,coah1252,language,coah1252,language,xd1221
xd1383,yag,1,yama1264,language,yama1264,language,xd1383
xd1109,ynn,1,yana1271,language,yana1271,language,xd1109
xd1246,yuc,1,yuch1247,language,yuch1247,language,xd1246
xd1215,zkk,1,kara1289,language,kara1289,language,xd1215
xd1280,zun,1,zuni1245,language,zuni1245,language,xd1280
xd938,lrg,1,lara1258,language,lara1258,language,xd938
xd440,nrb,1,nara1262,language,nara1262,language,xd440
xd441,kun,1,kuna1268,language,kuna1268,language,xd441
xd1088,aes,1,alse1251,language,alse1251,language,xd1088
xd1091,tkm,1,take1257,language,take1257,language,xd1091
xd1378,pbb,1,paez1247,language,paez1247,language,xd1378
xd804,byz,1,bana1292,language,bana1292,language,xd804
xd6,sad,1,sand1273,language,sand1273,language,xd6
xd778,tiw,1,tiwi1244,language,tiwi1244,language,xd778
xd822,iar,1,pura1257,language,pura1257,language,xd822
xd1257,tjm,1,timu1245,language,timu1245,language,xd1257
xd1345,yae,1,pume1238,language,pume1238,language,xd1345
xd843,yle,1,yele1255,language,yele1255,language,xd843
xd653,adi,1,bori1243,language,sino1245,family,xd653
xd517,aeb,3,sahi1245,dialect,afro1255,family,xd517
xd210,ahs,1,ashe1269,language,atla1278,family,xd210
xd807,aon,1,bumb1241,language,nucl1708,family,xd807
xd686,apq,1,apuc1241,language,grea1241,family,xd686
xd513,ary,2,jebl1238,dialect,afro1255,family,xd513
xd251,bab,1,bain1259,language,atla1278,family,xd251
xd267,bbo,1,nort2819,language,mand1469,family,xd267
xd337,bbp,1,west2458,language,atla1278,family,xd337
xd153,bcp,1,bali1274,language,atla1278,family,xd153
xd60,bem,2,luun1238,dialect,atla1278,family,xd60
xd241,bet,1,guib1246,language,atla1278,family,xd241
xd249,bgo,1,baga1273,language,atla1278,family,xd249
xd667,bhb,1,bhil1251,language,indo1319,family,xd667
xd288,biv,1,sout2790,language,atla1278,family,xd288
xd614,bxr,1,russ1264,language,mong1329,family,xd614
xd691,caq,1,carn1240,language,aust1305,family,xd691
xd1380,cni,1,asha1243,language,araw1281,family,xd1380
xd1392,crq,1,iyow1239,language,mata1289,family,xd1392
xd1127,crz,1,cruz1243,language,chum1262,family,xd1127
xd1295,csa,1,chil1282,language,otom1299,family,xd1295
xd1136,csm,1,cent2140,language,miwo1274,family,xd1136
xd266,dbw,1,bank1259,language,dogo1299,family,xd266
xd276,dga,1,sout2789,language,atla1278,family,xd276
xd386,dik,1,sout2832,language,nilo1247,family,xd386
xd816,dnt,1,midg1235,language,nucl1709,family,xd816
xd271,dos,1,dogo1295,language,atla1278,family,xd271
xd754,dtp,1,cent2100,language,aust1307,family,xd754
xd1320,emp,1,nort2972,language,choc1280,family,xd1320
xd821,enq,1,enga1252,language,nucl1709,family,xd821
xd340,fll,1,nort2770,language,atla1278,family,xd340
xd345,giz,1,sout3051,language,afro1255,family,xd345
xd381,gya,1,nort2775,language,atla1278,family,xd381
xd647,hea,1,nort2747,language,hmon1336,family,xd647
xd663,bho,1,bhoj1244,language,indo1319,family,xd663
xd1370,huu,1,muru1274,language,huit1251,family,xd1370
xd645,iii,1,sich1238,language,sino1245,family,xd645
xd255,kfz,1,koro1298,language,atla1278,family,xd255
xd162,koq,1,kota1274,language,atla1278,family,xd162
xd1413,kqq,1,kren1239,language,nucl1710,family,xd1413
xd38,kwy,1,sans1272,language,atla1278,family,xd38
xd719,lcp,1,west2396,language,aust1305,family,xd719
xd135,lea,1,lega1249,language,atla1278,family,xd135
xd1312,len,1,lenc1244,language,lenc1239,family,xd1312
xd147,lin,1,ling1263,language,atla1278,family,xd147
xd708,lus,1,lush1249,language,sino1245,family,xd708
xd662,mai,1,mait1250,language,indo1319,family,xd662
xd682,mal,2,cent1998,dialect,drav1251,family,xd682
xd1304,mau,1,huau1238,language,otom1299,family,xd1304
xd738,mbb,1,west2555,language,aust1307,family,xd738
xd660,mgp,1,east2352,language,sino1245,family,xd660
xd1306,mir,1,isth1238,language,mixe1284,family,xd1306
xd1328,mot,1,bari1297,language,chib1249,family,xd1328
xd351,mwm,1,sarr1246,language,cent2225,family,xd351
xd1298,mxa,1,nort2986,language,otom1299,family,xd1298
xd819,ncm,1,namb1293,language,more1255,family,xd819
xd32,nde,1,nort2795,language,atla1278,family,xd32
xd20,ndo,1,ndon1254,language,atla1278,family,xd20
xd158,ngc,2,doko1244,dialect,atla1278,family,xd158
xd43,nzu,1,teke1279,language,atla1278,family,xd43
xd2,oki,1,okie1245,language,nilo1247,family,xd2
xd598,pbu,2,ghil1238,dialect,indo1319,family,xd598
xd604,pbu,1,kamv1242,language,indo1319,family,xd604
xd608,pes,2,tehr1242,dialect,indo1319,family,xd608
xd705,pll,1,shwe1236,language,aust1305,family,xd705
xd600,pan,1,panj1256,language,indo1319,family,xd600
xd713,pwo,1,pwow1235,language,sino1245,family,xd713
xd107,reg,1,kara1481,language,atla1278,family,xd107
xd265,sbd,1,sout2844,language,mand1469,family,xd265
xd657,scl,1,shin1264,language,indo1319,family,xd657
xd269,sef,1,ceba1235,language,atla1278,family,xd269
xd706,sez,1,sent1260,language,sino1245,family,xd706
xd758,sge,1,sega1243,language,aust1307,family,xd758
xd137,sng,1,sang1331,language,atla1278,family,xd137
xd1377,tuf,1,cent2150,language,chib1249,family,xd1377
xd28,umb,1,umbu1257,language,atla1278,family,xd28
xd69,vmw,1,makh1264,language,atla1278,family,xd69
xd980,x06,1,sout1439,language,sout1293,family,xd980
xd783,xtz,1,tasm1247,language,nort1442,family,xd783
xd634,ykg,1,nort2745,language,yuka1259,family,xd634
xd1129,yok,2,nort2937,dialect,yoku1255,family,xd1129
xd1123,yok,2,sout2955,dialect,yoku1255,family,xd1123
xd46,zmp,1,mpuo1241,language,atla1278,family,xd46
xd1296,zpu,1,yala1267,language,otom1299,family,xd1296
xd1248,aaq,2,peno1243,dialect,algi1248,family,xd1248
xd1253,aaq,2,peno1243,dialect,algi1248,family,xd1253
xd454,aar,1,afar1241,language,afro1255,family,xd454
xd577,abk,1,abkh1244,language,abkh1242,family,xd577
xd904,sbl,1,boto1242,language,aust1307,family,xd904
xd217,abr,1,abro1238,language,atla1278,family,xd217
xd761,abs,1,ambo1250,language,aust1307,family,xd761
xd791,abt,1,ambu1247,language,nduu1242,family,xd791
xd220,abu,1,abur1243,language,atla1278,family,xd220
xd385,ach,2,dhop1238,dialect,nilo1247,family,xd385
xd398,ach,2,labw1238,dialect,nilo1247,family,xd398
xd587,acm,1,meso1252,language,afro1255,family,xd587
xd1417,acs,1,acro1239,language,nucl1710,family,xd1417
xd1108,acv,1,achu1247,language,pala1350,family,xd1108
xd214,ada,1,adan1247,language,atla1278,family,xd214
xd803,adz,1,adze1240,language,aust1307,family,xd803
xd511,aeb,3,sout3114,dialect,afro1255,family,xd511
xd520,aeb,3,tuni1260,dialect,afro1255,family,xd520
xd516,aec,1,said1239,language,afro1255,family,xd516
xd772,aer,1,east2379,language,pama1250,family,xd772
xd205,afo,1,eloy1241,language,atla1278,family,xd205
xd537,afr,1,afri1274,language,indo1319,family,xd537
xd908,agt,1,cent2084,language,aust1307,family,xd908
xd439,ahg,1,qima1242,language,afro1255,family,xd439
xd729,ahk,1,akha1245,language,sino1245,family,xd729
xd698,aim,1,aimo1244,language,sino1245,family,xd698
xd430,aiw,3,aari1239,language,sout2845,family,xd430
xd432,aiw,3,aari1239,language,sout2845,family,xd432
xd433,aiw,3,aari1239,language,sout2845,family,xd433
xd871,aji,1,ajie1238,language,aust1307,family,xd871
xd592,ajp,1,sout3123,language,afro1255,family,xd592
xd189,aka,3,akye1239,dialect,atla1278,family,xd189
xd208,aka,3,asan1239,dialect,atla1278,family,xd208
xd222,aka,3,fant1241,dialect,atla1278,family,xd222
xd741,akl,1,akla1241,language,aust1307,family,xd741
xd916,ako,1,akur1238,language,cari1283,family,xd916
xd216,akp,1,siwu1238,language,atla1278,family,xd216
xd1387,alc,1,qawa1238,language,kawe1237,family,xd1387
xd224,ald,1,alla1248,language,atla1278,family,xd224
xd999,ale,2,beri1255,dialect,eski1264,family,xd999
xd1067,ale,2,east2533,dialect,eski1264,family,xd1067
xd528,aln,1,gheg1238,language,indo1319,family,xd528
xd964,aly,1,alya1239,language,pama1250,family,xd964
xd392,alz,1,alur1250,language,nilo1247,family,xd392
xd1372,amc,1,amah1246,language,pano1256,family,xd1372
xd425,amf,2,hame1242,language,sout2845,family,xd425
xd428,amf,2,hame1242,language,sout2845,family,xd428
xd455,amh,1,amha1245,language,afro1255,family,xd455
xd749,ami,1,amis1246,language,aust1307,family,xd749
xd305,anc,1,ngas1240,language,afro1255,family,xd305
xd903,anq,1,jara1245,language,jara1244,family,xd903
xd375,anu,1,anua1242,language,nilo1247,family,xd375
xd218,any,1,anyi1245,language,atla1278,family,xd218
xd1337,aoc,2,cama1252,dialect,cari1283,family,xd1337
xd1341,aoc,2,taul1252,dialect,cari1283,family,xd1341
xd776,aoi,1,anin1240,language,gunw1250,family,xd776
xd764,aol,1,alor1247,language,aust1307,family,xd764
xd858,apb,1,saaa1240,language,aust1307,family,xd858
xd586,apc,3,nort3140,dialect,afro1255,family,xd586
xd593,apc,3,nort3141,dialect,afro1255,family,xd593
xd594,apc,3,sunn1238,dialect,afro1255,family,xd594
xd481,apd,5,khar1296,dialect,afro1255,family,xd481
xd461,apd,5,nort3133,dialect,afro1255,family,xd461
xd462,apd,5,nort3133,dialect,afro1255,family,xd462
xd503,apd,5,nort3133,dialect,afro1255,family,xd503
xd464,apd,5,west2773,dialect,afro1255,family,xd464
xd1266,apj,1,jica1244,language,atha1245,family,xd1266
xd1219,apk,1,kiow1264,language,atha1245,family,xd1219
xd1275,apl,1,lipa1241,language,atha1245,family,xd1275
xd1259,apm,2,mesc1238,language,atha1245,family,xd1259
xd1265,apm,2,mesc1238,language,atha1245,family,xd1265
xd1415,apn,1,apin1244,language,nucl1710,family,xd1415
xd1267,apw,1,west2615,language,atha1245,family,xd1267
xd524,egy,1,egyp1246,language,afro1255,family,xd524
xd1209,ari,1,arik1262,language,cadd1255,family,xd1209
xd1384,arn,1,mapu1245,language,arau1255,family,xd1384
xd1228,arp,1,arap1274,language,algi1248,family,xd1228
xd510,arq,4,algi1247,dialect,afro1255,family,xd510
xd494,arq,4,algi1247,dialect,afro1255,family,xd494
xd515,arq,4,cons1245,dialect,afro1255,family,xd515
xd512,arq,4,oran1236,dialect,afro1255,family,xd512
xd588,ars,2,nort3137,dialect,afro1255,family,xd588
xd591,ars,2,sout3119,dialect,afro1255,family,xd591
xd424,arv,1,arbo1245,language,afro1255,family,xd424
xd1336,arw,1,araw1276,language,araw1281,family,xd1336
xd514,ary,2,sout3117,dialect,afro1255,family,xd514
xd518,arz,1,egyp1253,language,afro1255,family,xd518
xd105,asa,1,asut1235,language,atla1278,family,xd105
xd1210,asb,1,assi1247,language,siou1252,family,xd1210
xd221,ati,1,atti1239,language,atla1278,family,xd221
xd1208,ats,1,gros1243,language,algi1248,family,xd1208
xd1135,atw,1,atsu1245,language,pala1350,family,xd1135
xd225,avi,1,avik1243,language,atla1278,family,xd225
xd1406,awe,1,awet1244,language,tupi1275,family,xd1406
xd1390,axb,1,abip1241,language,guai1249,family,xd1390
xd923,axk,2,bamb1264,dialect,atla1278,family,xd923
xd924,axk,2,beka1240,dialect,atla1278,family,xd924
xd968,axl,1,lowe1436,language,pama1250,family,xd968
xd519,ayl,1,liby1240,language,afro1255,family,xd519
xd595,ayn,1,sana1295,language,afro1255,family,xd595
xd1375,ayr,1,cent2142,language,ayma1253,family,xd1375
xd549,bak,1,bash1264,language,turk1311,family,xd549
xd244,bam,1,bamb1269,language,mand1469,family,xd244
xd172,bax,1,bamu1253,language,atla1278,family,xd172
xd753,bbc,1,bata1289,language,aust1307,family,xd753
xd651,bca,1,cent2004,language,sino1245,family,xd651
xd243,bci,1,baou1238,language,atla1278,family,xd243
xd477,bcy,1,baca1246,language,afro1255,family,xd477
xd482,bdm,1,budu1265,language,afro1255,family,xd482
xd85,bdp,1,bend1258,language,atla1278,family,xd85
xd166,bdu,1,orok1266,language,atla1278,family,xd166
xd966,bdy,1,band1339,language,pama1250,family,xd966
xd1045,bea,1,beav1236,language,atha1245,family,xd1045
xd442,bej,4,abab1239,dialect,afro1255,family,xd442
xd443,bej,4,amar1281,dialect,afro1255,family,xd443
xd453,bej,4,bish1251,dialect,afro1255,family,xd453
xd452,bej,4,hade1248,dialect,afro1255,family,xd452
xd570,bel,1,bela1254,language,indo1319,family,xd570
xd55,bem,2,town1238,dialect,atla1278,family,xd55
xd664,ben,1,beng1280,language,indo1319,family,xd664
xd366,bex,1,jurm1239,language,cent2225,family,xd366
xd78,bez,1,bena1262,language,atla1278,family,xd78
xd390,bfa,3,kuku1285,dialect,nilo1247,family,xd390
xd413,bfa,3,ligo1238,dialect,nilo1247,family,xd413
xd388,bfa,3,poju1239,dialect,nilo1247,family,xd388
xd185,bfd,1,bafu1246,language,atla1278,family,xd185
xd174,bfm,1,mmen1238,language,atla1278,family,xd174
xd273,bfo,1,malb1235,language,atla1278,family,xd273
xd669,bfz,1,maha1287,language,indo1319,family,xd669
xd597,bgp,1,east2304,language,indo1319,family,xd597
xd683,ori,1,nucl1284,language,indo1319,family,xd683
xd292,bib,1,biss1248,language,mand1469,family,xd292
xd252,bif,1,biaf1240,language,atla1278,family,xd252
xd202,bin,1,bini1246,language,atla1278,family,xd202
xd911,biy,1,birh1242,language,aust1305,family,xd911
xd157,bja,1,budz1238,language,atla1278,family,xd157
xd253,bjg,1,bidy1244,language,atla1278,family,xd253
xd420,bji,1,burj1242,language,afro1255,family,xd420
xd226,bjw,1,bakw1243,language,atla1278,family,xd226
xd926,bkc,1,baka1272,language,atla1278,family,xd926
xd175,bkh,1,bako1249,language,atla1278,family,xd175
xd176,bkm,1,komc1235,language,atla1278,family,xd176
xd183,bko,1,kwaa1265,language,atla1278,family,xd183
xd1400,bkq,1,baka1277,language,cari1283,family,xd1400
xd194,bky,1,boky1238,language,atla1278,family,xd194
xd1212,bla,3,bloo1239,dialect,algi1248,family,xd1212
xd1211,bla,3,pieg1239,dialect,algi1248,family,xd1211
xd1217,bla,3,pieg1239,dialect,algi1248,family,xd1217
xd1106,blc,1,bell1243,language,sali1255,family,xd1106
xd250,ble,1,bala1301,language,atla1278,family,xd250
xd350,bmi,1,bagi1246,language,cent2225,family,xd350
xd164,bmw,1,bomw1238,language,atla1278,family,xd164
xd168,bnm,1,bata1285,language,atla1278,family,xd168
xd733,bnn,1,bunu1267,language,aust1307,family,xd733
xd847,bnp,1,bola1250,language,aust1307,family,xd847
xd656,bod,1,tibe1272,language,sino1245,family,xd656
xd484,bol,1,nucl1695,language,afro1255,family,xd484
xd306,bom,1,bero1242,language,atla1278,family,xd306
xd1397,bor,1,boro1282,language,boro1281,family,xd1397
xd365,bot,1,bong1285,language,cent2225,family,xd365
xd295,boz,1,tiey1235,language,mand1469,family,xd295
xd812,bpg,1,bong1287,language,aust1307,family,xd812
xd740,bpr,1,koro1310,language,aust1307,family,xd740
xd607,bqi,1,bakh1245,language,indo1319,family,xd607
xd150,brf,2,bera1259,language,atla1278,family,xd150
xd154,brf,2,bera1259,language,atla1278,family,xd154
xd138,bri,1,mokp1239,language,atla1278,family,xd138
xd356,brm,1,bara1361,language,atla1278,family,xd356
xd257,bsc,1,bass1258,language,atla1278,family,xd257
xd435,bst,1,bask1236,language,gong1255,family,xd435
xd325,bta,1,bata1314,language,afro1255,family,xd325
xd286,bud,1,ntch1242,language,atla1278,family,xd286
xd805,buk,1,buga1250,language,aust1307,family,xd805
xd569,bul,1,bulg1262,language,indo1319,family,xd569
xd191,bun,1,sher1258,language,atla1278,family,xd191
xd151,buu,1,budu1250,language,atla1278,family,xd151
xd307,bux,1,bogh1241,language,afro1255,family,xd307
xd165,bvb,1,bube1242,language,atla1278,family,xd165
xd941,bvr,2,gunn1247,dialect,mani1293,family,xd941
xd774,bvr,2,gunn1248,dialect,mani1293,family,xd774
xd848,bwd,1,bwai1242,language,aust1307,family,xd848
xd326,bwr,1,bura1292,language,afro1255,family,xd326
xd275,bwu,1,buli1254,language,atla1278,family,xd275
xd111,bxk,1,buku1249,language,atla1278,family,xd111
xd57,byi,1,buyu1239,language,atla1278,family,xd57
xd445,byn,1,bili1260,language,afro1255,family,xd445
xd235,bza,1,band1352,language,mand1469,family,xd235
xd1321,bzd,1,brib1243,language,chib1249,family,xd1321
xd264,bze,1,jena1242,language,mand1469,family,xd264
xd301,bzw,2,basa1282,language,atla1278,family,xd301
xd1319,caa,1,chor1273,language,maya1287,family,xd1319
xd1323,cab,1,gari1256,language,araw1281,family,xd1323
xd1234,cad,2,cadd1256,language,cadd1255,family,xd1234
xd1242,cad,2,cadd1256,language,cadd1255,family,xd1242
xd1069,caf,1,sout2958,language,atha1245,family,xd1069
xd1311,cak,1,kaqc1270,language,maya1287,family,xd1311
xd830,cal,1,caro1242,language,aust1307,family,xd830
xd1364,cao,1,chac1251,language,pano1256,family,xd1364
xd1329,car,3,gali1262,language,cari1283,family,xd1329
xd1346,car,3,mura1272,dialect,cari1283,family,xd1346
xd1326,car,3,tyre1237,dialect,cari1283,family,xd1326
xd1376,cbi,1,chac1249,language,barb1265,family,xd1376
xd25,cce,2,copi1238,dialect,atla1278,family,xd25
xd319,ccg,1,samb1311,language,atla1278,family,xd319
xd299,cch,1,atsa1241,language,atla1278,family,xd299
xd697,ccp,1,chak1266,language,indo1319,family,xd697
xd672,cde,1,chen1255,language,drav1251,family,xd672
xd303,cdr,1,cind1241,language,atla1278,family,xd303
xd997,cea,1,lowe1427,language,sali1255,family,xd997
xd735,ceb,1,cebu1242,language,aust1307,family,xd735
xd1393,ceg,1,cham1315,language,zamu1243,family,xd1393
xd567,ces,1,czec1258,language,indo1319,family,xd567
xd80,cgg,1,chig1238,language,atla1278,family,xd80
xd839,cha,1,cham1312,language,aust1307,family,xd839
xd1379,chb,1,chib1270,language,chib1249,family,xd1379
xd1258,chc,1,cata1286,language,siou1252,family,xd1258
xd1300,chd,1,high1242,language,tequ1244,family,xd1300
xd583,che,1,chec1245,language,nakh1245,family,xd583
xd1078,chh,1,chin1286,language,chin1490,family,xd1078
xd833,chk,1,chuu1238,language,aust1307,family,xd833
xd1131,chl,1,cahu1264,language,utoa1244,family,xd1131
xd1247,cho,1,choc1276,language,musk1252,family,xd1247
xd1046,chp,1,chip1261,language,atha1245,family,xd1046
xd1254,chr,1,cher1273,language,iroq1247,family,xd1254
xd551,chv,1,chuv1255,language,turk1311,family,xd551
xd1224,chy,1,chey1247,language,algi1248,family,xd1224
xd1249,cic,1,chic1270,language,musk1252,family,xd1249
xd1052,ciw,2,redl1238,dialect,algi1248,family,xd1052
xd1054,ciw,2,uppe1274,dialect,algi1248,family,xd1054
xd36,cjk,1,chok1245,language,atla1278,family,xd36
xd718,cjm,1,east2563,language,aust1307,family,xd718
xd576,ckb,1,cent1972,language,indo1319,family,xd576
xd631,ckt,1,chuk1273,language,chuk1271,family,xd631
xd1206,clc,1,chil1280,language,atha1245,family,xd1206
xd1075,clm,1,clal1241,language,sali1255,family,xd1075
xd639,cmn,1,mand1415,language,sino1245,family,xd639
xd1269,coc,1,coco1261,language,coch1271,family,xd1269
xd1363,cod,1,coca1259,language,tupi1275,family,xd1363
xd1148,col,1,colu1241,language,sali1255,family,xd1148
xd1222,com,1,coma1245,language,utoa1244,family,xd1222
xd1073,coo,2,isla1276,dialect,sali1255,family,xd1073
xd1071,coo,2,slia1241,dialect,sali1255,family,xd1071
xd296,cou,1,wame1240,language,atla1278,family,xd296
xd1146,crd,1,coeu1236,language,sali1255,family,xd1146
xd1047,crj,4,sout2978,language,algi1248,family,xd1047
xd1062,crj,4,sout2978,language,algi1248,family,xd1062
xd1011,crj,4,sout2978,language,algi1248,family,xd1011
xd1005,crj,4,sout2978,language,algi1248,family,xd1005
xd1218,crk,1,plai1258,language,algi1248,family,xd1218
xd1223,cro,1,crow1244,language,siou1252,family,xd1223
xd1035,crx,1,carr1249,language,atha1245,family,xd1035
xd983,csi,1,coas1301,language,miwo1274,family,xd983
xd1065,csw,1,swam1239,language,algi1248,family,xd1065
xd1081,csz,1,coos1249,language,coos1248,family,xd1081
xd1369,cub,1,cube1242,language,tuca1253,family,xd1369
xd1132,cup,1,cupe1243,language,utoa1244,family,xd1132
xd95,cwe,1,kwer1261,language,atla1278,family,xd95
xd282,dag,1,dagb1246,language,atla1278,family,xd282
xd1220,dak,1,dako1258,language,siou1252,family,xd1220
xd679,daq,1,dand1238,language,drav1251,family,xd679
xd106,dav,1,tait1250,language,atla1278,family,xd106
xd954,dbl,2,mamu1253,dialect,pama1250,family,xd954
xd957,dbl,2,ngad1260,dialect,pama1250,family,xd957
xd956,ddj,1,jaru1254,language,pama1250,family,xd956
xd1255,dep,1,pidg1246,language,amer1257,family,xd1255
xd906,dgc,1,casi1235,language,aust1307,family,xd906
xd1032,dgr,1,dogr1252,language,atha1245,family,xd1032
xd873,dhv,1,dehu1237,language,aust1307,family,xd873
xd394,did,1,didi1258,language,surm1244,family,xd394
xd779,dif,1,dier1241,language,pama1250,family,xd779
xd99,dig,1,digo1243,language,atla1278,family,xd99
xd1137,dih,2,kumi1248,language,coch1271,family,xd1137
xd1271,dih,2,kumi1248,language,coch1271,family,xd1271
xd382,dil,1,dill1242,language,nubi1251,family,xd382
xd431,dim,1,dime1235,language,sout2845,family,xd431
xd47,diz,1,ding1239,language,atla1278,family,xd47
xd940,djb,1,djin1252,language,pama1250,family,xd940
xd470,dje,1,zarm1239,language,song1307,family,xd470
xd1344,djk,1,ndyu1242,language,indo1319,family,xd1344
xd237,dnj,2,dann1241,language,mand1469,family,xd237
xd231,dnj,2,gwee1242,dialect,mand1469,family,xd231
xd857,dob,1,dobu1241,language,aust1307,family,xd857
xd344,dow,1,doya1240,language,atla1278,family,xd344
xd450,doz,1,dorz1235,language,gong1255,family,xd450
xd302,dri,1,clel1238,language,atla1278,family,xd302
xd973,drl,1,darl1243,language,pama1250,family,xd973
xd421,drs,1,gede1246,language,afro1255,family,xd421
xd427,dsh,1,daas1238,language,afro1255,family,xd427
xd612,dta,1,daur1238,language,mong1329,family,xd612
xd130,dua,1,dual1243,language,atla1278,family,xd130
xd100,dug,1,duru1249,language,atla1278,family,xd100
xd777,duj,1,dhuw1249,language,pama1250,family,xd777
xd270,dya,1,dyan1251,language,atla1278,family,xd270
xd254,dyo,1,jola1263,language,atla1278,family,xd254
xd263,dyu,1,dyul1238,language,mand1469,family,xd263
xd492,dzg,1,daza1242,language,saha1256,family,xd492
xd927,efe,1,efee1239,language,cent2225,family,xd927
xd196,efi,1,efik1245,language,atla1278,family,xd196
xd785,ekg,1,ekar1243,language,nucl1709,family,xd785
xd534,ell,1,mode1248,language,indo1319,family,xd534
xd1027,ems,1,paci1278,language,eski1264,family,xd1027
xd538,eng,2,stan1293,language,indo1319,family,xd538
xd865,erg,1,siee1239,language,aust1307,family,xd865
xd1029,esi,4,anak1241,dialect,eski1264,family,xd1029
xd1036,esi,4,nort2944,dialect,eski1264,family,xd1036
xd1021,esi,4,poin1245,dialect,eski1264,family,xd1021
xd1020,esi,4,poin1245,dialect,eski1264,family,xd1020
xd1015,esk,3,kobu1239,dialect,eski1264,family,xd1015
xd1018,esk,3,nort2945,language,eski1264,family,xd1018
xd1016,esk,3,kotz1238,dialect,eski1264,family,xd1016
xd1028,ess,2,aiwa1238,dialect,eski1264,family,xd1028
xd622,ess,2,chap1266,dialect,eski1264,family,xd622
xd553,est,1,esto1258,language,ural1272,family,xd553
xd1000,esu,3,kusk1241,dialect,eski1264,family,xd1000
xd1014,esu,3,kusk1241,dialect,eski1264,family,xd1014
xd1064,esu,3,kusk1241,dialect,eski1264,family,xd1064
xd204,ets,1,yekh1238,language,atla1278,family,xd204
xd195,etu,1,ejag1239,language,atla1278,family,xd195
xd624,evn,1,even1259,language,tung1282,family,xd624
xd215,ewe,2,aguu1242,dialect,atla1278,family,xd215
xd274,ewe,2,awun1244,dialect,atla1278,family,xd274
xd1102,eya,1,eyak1241,language,atha1245,family,xd1102
xd401,eyo,1,keiy1238,language,nilo1247,family,xd401
xd149,fan,1,fang1246,language,atla1278,family,xd149
xd867,fij,2,bauu1243,dialect,aust1307,family,xd867
xd874,fij,2,nort2843,dialect,aust1307,family,xd874
xd86,fip,1,fipa1238,language,atla1278,family,xd86
xd1144,fla,2,kali1309,dialect,sali1255,family,xd1144
xd1145,fla,2,kali1309,dialect,sali1255,family,xd1145
xd947,fln,1,flin1247,language,pama1250,family,xd947
xd171,fmp,1,fefe1239,language,atla1278,family,xd171
xd792,foi,1,foii1241,language,east2499,family,xd792
xd186,fon,1,fonn1241,language,atla1278,family,xd186
xd809,for,1,fore1270,language,nucl1709,family,xd809
xd540,fra,1,stan1290,language,indo1319,family,xd540
xd471,fub,1,adam1253,language,atla1278,family,xd471
xd473,fuc,1,pula1263,language,atla1278,family,xd473
xd887,fud,1,east2447,language,aust1307,family,xd887
xd294,fuf,1,pula1262,language,atla1278,family,xd294
xd472,fuh,1,west2454,language,atla1278,family,xd472
xd348,fuj,1,kooo1244,language,heib1242,family,xd348
xd485,fuv,2,boro1274,dialect,atla1278,family,xd485
xd474,fuv,2,boro1274,dialect,atla1278,family,xd474
xd802,fuy,1,fuyu1242,language,goil1242,family,xd802
xd466,fvr,1,furr1244,language,fura1235,family,xd466
xd223,gaa,1,gaaa1244,language,atla1278,family,xd223
xd554,gag,1,gaga1249,language,turk1311,family,xd554
xd417,gax,1,bora1271,language,afro1255,family,xd417
xd419,gaz,1,west2721,language,afro1255,family,xd419
xd953,gbd,1,kara1476,language,pama1250,family,xd953
xd206,gby,1,gbar1246,language,atla1278,family,xd206
xd327,gde,1,gude1246,language,afro1255,family,xd327
xd232,ggu,1,gagu1242,language,mand1469,family,xd232
xd950,gia,1,kitj1240,language,jarr1235,family,xd950
xd829,gil,2,bana1287,dialect,aust1307,family,xd829
xd838,gil,2,nuii1237,dialect,aust1307,family,xd838
xd998,git,1,gitx1241,language,tsim1258,family,xd998
xd637,gld,1,nana1257,language,tung1282,family,xd637
xd543,gle,1,iris1253,language,indo1319,family,xd543
xd509,gnc,1,guan1277,language,afro1255,family,xd509
xd676,gno,1,nort2702,language,drav1251,family,xd676
xd233,goa,1,guro1248,language,mand1469,family,xd233
xd92,gog,1,gogo1263,language,atla1278,family,xd92
xd236,gol,1,gola1255,language,atla1278,family,xd236
xd457,gow,1,goro1270,language,afro1255,family,xd457
xd333,grh,1,gbir1241,language,atla1278,family,xd333
xd696,grt,1,garo1247,language,sino1245,family,xd696
xd1331,guc,1,wayu1243,language,araw1281,family,xd1331
xd1347,guh,1,guah1255,language,guah1252,family,xd1347
xd1394,gui,1,east2555,language,tupi1275,family,xd1394
xd671,guj,1,guja1252,language,indo1319,family,xd671
xd1408,gun,1,mbya1239,language,tupi1275,family,xd1408
xd939,gup,1,gunw1252,language,gunw1250,family,xd939
xd920,guq,1,ache1246,language,tupi1275,family,xd920
xd247,gur,2,nank1249,dialect,atla1278,family,xd247
xd277,gur,2,taln1239,dialect,atla1278,family,xd277
xd1361,guu,1,yano1261,language,yano1260,family,xd1361
xd283,gux,1,gour1243,language,atla1278,family,xd283
xd79,guz,1,gusi1247,language,atla1278,family,xd79
xd946,gvn,1,kuku1273,language,pama1250,family,xd946
xd1037,gwi,1,gwic1235,language,atha1245,family,xd1037
xd932,gwj,1,gwii1239,language,khoe1240,family,xd932
xd952,gyd,1,kaya1319,language,tang1340,family,xd952
xd1314,gym,1,ngab1239,language,chib1249,family,xd1314
xd1008,haa,1,hann1241,language,atha1245,family,xd1008
xd132,haq,1,haaa1252,language,atla1278,family,xd132
xd1105,has,1,hais1244,language,waka1280,family,xd1105
xd1334,hat,1,hait1244,language,indo1319,family,xd1334
xd476,hau,4,araw1280,dialect,afro1255,family,xd476
xd486,hau,4,kano1249,dialect,afro1255,family,xd486
xd475,hau,4,haus1257,language,afro1255,family,xd475
xd458,hau,4,kano1249,dialect,afro1255,family,xd458
xd895,haw,1,hawa1245,language,aust1307,family,xd895
xd112,hay,1,haya1250,language,atla1278,family,xd112
xd602,haz,1,haza1239,language,indo1319,family,xd602
xd1288,hch,1,huic1243,language,utoa1244,family,xd1288
xd1068,hdn,1,nort2938,language,haid1248,family,xd1068
xd589,heb,1,hebr1245,language,afro1255,family,xd589
xd125,heh,1,hehe1240,language,atla1278,family,xd125
xd1083,hei,1,heil1246,language,waka1280,family,xd1083
xd10,her,1,here1253,language,atla1278,family,xd10
xd930,hgm,1,haio1238,language,khoe1240,family,xd930
xd1214,hid,1,hida1246,language,siou1252,family,xd1214
xd133,hke,1,hund1239,language,atla1278,family,xd133
xd480,hmb,1,humb1243,language,song1307,family,xd480
xd685,hne,1,chha1249,language,indo1319,family,xd685
xd745,hnn,1,hanu1241,language,aust1307,family,xd745
xd666,hoc,1,hooo1248,language,aust1305,family,xd666
xd1013,hoi,1,holi1241,language,atha1245,family,xd1013
xd1268,hop,1,hopi1249,language,utoa1244,family,xd1268
xd854,hrc,1,tang1355,language,lowe1437,family,xd854
xd572,hun,1,hung1274,language,ural1272,family,xd572
xd1096,hup,1,hupa1239,language,atha1245,family,xd1096
xd1086,hur,2,halk1245,language,sali1255,family,xd1086
xd1087,hur,2,cowi1241,dialect,sali1255,family,xd1087
xd1297,hus,1,huas1242,language,maya1287,family,xd1297
xd1305,huv,1,sanm1287,language,huav1256,family,xd1305
xd328,hwo,1,hwan1240,language,afro1255,family,xd328
xd575,hye,1,nucl1235,language,indo1319,family,xd575
xd813,ian,1,iatm1242,language,nduu1242,family,xd813
xd750,iba,1,iban1264,language,aust1307,family,xd750
xd198,ibb,1,ibib1240,language,atla1278,family,xd198
xd201,ibo,2,afik1238,dialect,atla1278,family,xd201
xd187,ibo,2,nucl1417,language,atla1278,family,xd187
xd314,ich,1,etky1238,language,atla1278,family,xd314
xd110,ida,1,idak1243,language,atla1278,family,xd110
xd207,idu,1,idom1241,language,atla1278,family,xd207
xd743,ifb,1,bata1298,language,aust1307,family,xd743
xd213,ife,1,ifee1241,language,atla1278,family,xd213
xd190,igb,1,ebir1243,language,atla1278,family,xd190
xd209,igl,1,igal1242,language,atla1278,family,xd209
xd199,ijn,1,kala1381,language,ijoi1239,family,xd199
xd1030,ike,4,baff1240,dialect,eski1264,family,xd1030
xd1039,ike,4,labr1244,dialect,eski1264,family,xd1039
xd1017,ike,4,queb1248,dialect,eski1264,family,xd1017
xd1061,ike,4,queb1248,dialect,eski1264,family,xd1061
xd1038,ikt,7,cari1277,dialect,eski1264,family,xd1038
xd1024,ikt,7,cari1277,dialect,eski1264,family,xd1024
xd1022,ikt,7,copp1244,dialect,eski1264,family,xd1022
xd1060,ikt,7,nets1241,dialect,eski1264,family,xd1060
xd1023,ikt,7,nets1241,dialect,eski1264,family,xd1023
xd1019,ikt,7,sigl1242,dialect,eski1264,family,xd1019
xd1025,ikt,7,west2618,language,eski1264,family,xd1025
xd33,ilb,1,ilaa1246,language,atla1278,family,xd33
xd1066,ing,1,dege1248,language,atha1245,family,xd1066
xd1230,iow,2,iowa1246,dialect,siou1252,family,xd1230
xd1231,iow,2,otoo1241,dialect,siou1252,family,xd1231
xd448,irk,1,iraq1241,language,afro1255,family,xd448
xd542,isl,1,icel1247,language,indo1319,family,xd542
xd203,iso,1,isok1239,language,atla1278,family,xd203
xd621,itl,1,itel1242,language,chuk1271,family,xd621
xd200,its,1,isek1239,language,atla1278,family,xd200
xd555,izh,1,ingr1248,language,ural1272,family,xd555
xd1315,jac,1,popt1235,language,maya1287,family,xd1315
xd751,jas,1,newc1244,language,aust1307,family,xd751
xd309,jbu,1,juku1254,language,atla1278,family,xd309
xd313,jib,1,jibu1239,language,atla1278,family,xd313
xd1316,jic,1,toll1241,language,jica1245,family,xd1316
xd1367,jiv,1,shua1257,language,jiva1245,family,xd1367
xd369,jle,1,ngil1242,language,narr1279,family,xd369
xd447,jnj,2,fuga1235,dialect,gong1255,family,xd447
xd436,jnj,2,toba1264,dialect,gong1255,family,xd436
xd648,jpn,1,nucl1643,language,japo1237,family,xd648
xd522,kab,1,kaby1243,language,afro1255,family,xd522
xd711,kac,1,kach1280,language,sino1245,family,xd711
xd308,kad,1,kada1284,language,atla1278,family,xd308
xd459,kai,1,kare1348,language,afro1255,family,xd459
xd1040,kal,3,east2535,dialect,eski1264,family,xd1040
xd1031,kal,3,pola1254,dialect,eski1264,family,xd1031
xd1041,kal,3,west2617,dialect,eski1264,family,xd1041
xd103,kam,1,kamb1297,language,atla1278,family,xd103
xd259,kao,1,xaas1235,language,mand1469,family,xd259
xd670,kas,1,kash1277,language,indo1319,family,xd670
xd584,kat,2,imer1248,dialect,kart1248,family,xd584
xd578,kat,2,xevs1238,dialect,kart1248,family,xd578
xd1402,kay,1,kama1373,language,tupi1275,family,xd1402
xd609,kaz,1,kaza1248,language,turk1311,family,xd609
xd1391,kbc,1,kadi1248,language,guai1249,family,xd1391
xd580,kbd,1,kaba1278,language,abkh1242,family,xd580
xd801,kbk,1,gras1249,language,koia1260,family,xd801
xd467,kbl,1,kane1243,language,saha1256,family,xd467
xd287,kbp,1,kabi1261,language,atla1278,family,xd287
xd438,kbr,1,kafa1242,language,gong1255,family,xd438
xd468,kby,1,mang1399,language,saha1256,family,xd468
xd618,kca,1,khan1273,language,ural1272,family,xd618
xd310,kcg,2,kago1246,dialect,atla1278,family,xd310
xd298,kcg,2,kata1265,dialect,atla1278,family,xd298
xd969,kdd,1,yank1247,language,pama1250,family,xd969
xd68,kde,1,mako1251,language,atla1278,family,xd68
xd291,kdh,1,temm1241,language,atla1278,family,xd291
xd397,kdj,2,jiee1239,dialect,nilo1247,family,xd397
xd407,kdj,2,nucl1430,dialect,nilo1247,family,xd407
xd63,kdn,1,kund1255,language,atla1278,family,xd63
xd560,kdr,1,kara1464,language,turk1311,family,xd560
xd113,ked,1,kere1283,language,atla1278,family,xd113
xd1283,kee,4,coch1273,dialect,kere1287,family,xd1283
xd1278,kee,4,sant1425,dialect,kere1287,family,xd1278
xd1262,kee,4,sant1426,dialect,kere1287,family,xd1262
xd1276,kee,4,ziaa1251,dialect,kere1287,family,xd1276
xd770,kei,1,keii1239,language,aust1307,family,xd770
xd912,kej,1,kada1242,language,drav1251,family,xd912
xd140,kel,1,kela1254,language,atla1278,family,xd140
xd193,ken,1,keny1279,language,atla1278,family,xd193
xd389,keo,1,kakw1240,language,nilo1247,family,xd389
xd636,ket,1,kett1243,language,yeni1252,family,xd636
xd681,kfa,1,koda1255,language,drav1251,family,xd681
xd674,kff,1,koya1251,language,drav1251,family,xd674
xd368,kgo,1,kron1241,language,kadu1256,family,xd368
xd808,kgq,1,kamo1255,language,nucl1709,family,xd808
xd714,kha,1,khas1269,language,aust1305,family,xd714
xd611,khk,1,halh1238,language,mong1329,family,xd611
xd722,khm,2,nucl1298,dialect,aust1305,family,xd722
xd727,khm,2,sout2688,dialect,aust1305,family,xd727
xd22,khu,1,nkhu1238,language,atla1278,family,xd22
xd146,khy,1,kele1255,language,atla1278,family,xd146
xd367,kib,1,koal1240,language,heib1242,family,xd367
xd1235,kic,1,kick1244,language,algi1248,family,xd1235
xd852,kij,1,kili1267,language,aust1307,family,xd852
xd109,kik,1,kiku1240,language,atla1278,family,xd109
xd128,kin,1,kiny1244,language,atla1278,family,xd128
xd1216,kio,1,kiow1266,language,kiow1265,family,xd1216
xd789,kjd,1,sout2949,language,kiwa1251,family,xd789
xd1263,kjq,2,acom1246,dialect,kere1287,family,xd1263
xd1264,kjq,2,acom1246,dialect,kere1287,family,xd1264
xd121,kki,1,kagu1239,language,atla1278,family,xd121
xd1056,kkz,1,kask1239,language,atha1245,family,xd1056
xd1134,klb,1,kili1268,language,coch1271,family,xd1134
xd970,kld,1,gami1243,language,pama1250,family,xd970
xd228,klu,1,klao1243,language,atla1278,family,xd228
xd788,kmo,1,kwom1262,language,sepi1257,family,xd788
xd152,kmw,1,komo1260,language,atla1278,family,xd152
xd478,kna,1,dera1248,language,afro1255,family,xd478
xd739,knb,1,lubu1243,language,aust1307,family,xd739
xd260,knk,1,kura1250,language,mand1469,family,xd260
xd725,kns,1,kens1248,language,aust1305,family,xd725
xd763,kod,1,kodi1247,language,aust1307,family,xd763
xd1327,kog,1,cogu1240,language,chib1249,family,xd1327
xd114,koo,1,konz1239,language,atla1278,family,xd114
xd638,kor,1,kore1280,language,kore1284,family,xd638
xd826,kos,1,kosr1238,language,aust1307,family,xd826
xd346,kot,1,lagw1237,language,afro1255,family,xd346
xd1010,koy,1,koyu1237,language,atha1245,family,xd1010
xd1352,kpc,1,curr1243,language,araw1281,family,xd1352
xd886,kpg,1,kapi1249,language,aust1307,family,xd886
xd1407,kpj,1,kara1500,language,nucl1710,family,xd1407
xd633,kpy,1,kory1246,language,chuk1271,family,xd633
xd403,kpz,1,kups1238,language,nilo1247,family,xd403
xd797,kqi,1,koit1244,language,koia1260,family,xd797
xd58,kqn,1,kaon1241,language,atla1278,family,xd58
xd197,kqs,1,nort2765,language,atla1278,family,xd197
xd449,kqy,2,koor1239,language,gong1255,family,xd449
xd418,kqy,2,koor1239,language,gong1255,family,xd418
xd311,krh,1,kura1249,language,atla1278,family,xd311
xd229,krn,1,sapo1251,language,atla1278,family,xd229
xd668,kru,1,kuru1302,language,drav1251,family,xd668
xd227,krw,1,west2488,language,atla1278,family,xd227
xd77,ksb,1,sham1280,language,atla1278,family,xd77
xd169,ksf,1,bafi1243,language,atla1278,family,xd169
xd141,ksv,1,kusu1252,language,atla1278,family,xd141
xd800,kts,1,sout2940,language,nucl1709,family,xd800
xd1,ktz,1,juho1239,language,kxaa1236,family,xd1
xd1398,kui,1,kuik1246,language,cari1283,family,xd1398
xd579,kum,1,kumy1244,language,turk1311,family,xd579
xd279,kus,1,kusa1250,language,atla1278,family,xd279
xd757,kvb,1,kubu1239,language,aust1307,family,xd757
xd329,kvj,1,psik1239,language,afro1255,family,xd329
xd1309,kvn,1,bord1248,language,chib1249,family,xd1309
xd850,kwd,1,kwai1243,language,aust1307,family,xd850
xd811,kwe,1,nucl1595,language,kwer1242,family,xd811
xd1090,kwk,1,kwak1269,language,waka1280,family,xd1090
xd415,kxc,1,kons1243,language,afro1255,family,xd415
xd675,kxu,1,kuii1252,language,drav1251,family,xd675
xd1310,lac,1,laca1243,language,maya1287,family,xd1310
xd93,lag,1,lang1320,language,atla1278,family,xd93
xd409,laj,1,lang1324,language,nilo1247,family,xd409
xd341,lak,1,laka1252,language,atla1278,family,xd341
xd142,lal,1,lali1242,language,atla1278,family,xd142
xd71,lam,1,lamb1271,language,atla1278,family,xd71
xd530,lat,1,lati1261,language,indo1319,family,xd530
xd559,lav,1,latv1249,language,indo1319,family,xd559
xd748,lbk,1,cent2292,language,aust1307,family,xd748
xd716,lbn,1,lame1256,language,aust1305,family,xd716
xd951,lbz,1,lard1243,language,tang1340,family,xd951
xd52,lch,1,luch1239,language,atla1278,family,xd52
xd59,leb,1,lala1264,language,atla1278,family,xd59
xd358,led,1,lend1245,language,cent2225,family,xd358
xd1396,leg,1,leng1262,language,leng1261,family,xd1396
xd48,lel,1,lele1265,language,atla1278,family,xd48
xd655,lep,1,lepc1244,language,sino1245,family,xd655
xd360,les,1,lese1243,language,cent2225,family,xd360
xd362,lgg,1,lugb1240,language,cent2225,family,xd362
xd652,lic,1,hlai1239,language,taik1256,family,xd652
xd1207,lil,1,lill1248,language,sali1255,family,xd1207
xd573,lit,1,lith1251,language,indo1319,family,xd573
xd562,liv,1,livv1244,language,ural1272,family,xd562
xd408,lkr,1,pari1256,language,nilo1247,family,xd408
xd1227,lkt,1,lako1247,language,siou1252,family,xd1227
xd870,llx,1,laua1243,language,aust1307,family,xd870
xd155,lmi,1,lomb1254,language,cent2225,family,xd155
xd179,lmp,1,limb1268,language,atla1278,family,xd179
xd864,lmu,1,lame1260,language,aust1307,family,xd864
xd1120,lmw,1,lake1258,language,miwo1274,family,xd1120
xd178,lns,1,lamn1239,language,atla1278,family,xd178
xd321,lnu,1,long1389,language,atla1278,family,xd321
xd246,lob,1,lobi1245,language,atla1278,family,xd246
xd361,log,1,logo1259,language,cent2225,family,xd361
xd139,lol,3,ekon1238,dialect,atla1278,family,xd139
xd143,lol,3,kond1299,dialect,atla1278,family,xd143
xd160,lol,3,nkun1238,dialect,atla1278,family,xd160
xd387,lot,1,otuh1238,language,nilo1247,family,xd387
xd26,loz,1,lozi1239,language,atla1278,family,xd26
xd148,lse,1,luse1252,language,atla1278,family,xd148
xd134,lua,1,luba1249,language,atla1278,family,xd134
xd182,lub,1,luba1250,language,atla1278,family,xd182
xd35,lue,1,luva1239,language,atla1278,family,xd35
xd124,lug,1,gand1255,language,atla1278,family,xd124
xd1133,lui,1,luis1253,language,utoa1244,family,xd1133
xd53,lum,1,luim1238,language,atla1278,family,xd53
xd72,lun,1,lund1266,language,atla1278,family,xd72
xd411,luo,1,luok1236,language,nilo1247,family,xd411
xd334,maf,1,mafa1239,language,afro1255,family,xd334
xd827,mah,3,rali1241,dialect,aust1307,family,xd827
xd834,mah,3,rata1243,dialect,aust1307,family,xd834
xd832,mah,3,rata1243,dialect,aust1307,family,xd832
xd759,mak,1,maka1311,language,aust1307,family,xd759
xd1324,mam,1,mamm1241,language,maya1287,family,xd1324
xd395,mas,1,masa1300,language,nilo1247,family,xd395
xd1357,mav,1,sate1243,language,tupi1275,family,xd1357
xd284,maw,1,mamp1244,language,atla1278,family,xd284
xd1338,mbc,1,macu1259,language,cari1283,family,xd1338
xd917,mbr,1,nuka1242,language,kaku1242,family,xd917
xd1342,mch,1,maqu1238,language,cari1283,family,xd1342
xd383,mcn,1,masa1322,language,afro1255,family,xd383
xd331,mcu,1,came1252,language,atla1278,family,xd331
xd342,mdd,1,mbum1254,language,atla1278,family,xd342
xd379,mdi,1,mamv1243,language,cent2225,family,xd379
xd339,mdj,2,nucl1420,dialect,cent2225,family,xd339
xd357,mdj,2,popo1291,dialect,cent2225,family,xd357
xd39,mdp,1,mbal1257,language,atla1278,family,xd39
xd429,mdy,1,male1284,language,gong1255,family,xd429
xd460,mei,1,mido1240,language,nubi1251,family,xd460
xd799,mek,1,meke1243,language,aust1307,family,xd799
xd230,men,1,mend1266,language,mand1469,family,xd230
xd104,mer,1,meru1245,language,atla1278,family,xd104
xd786,meu,1,motu1246,language,aust1307,family,xd786
xd504,mey,6,hass1238,language,afro1255,family,xd504
xd495,mey,6,hass1238,language,afro1255,family,xd495
xd496,mey,6,hass1238,language,afro1255,family,xd496
xd487,mey,6,hass1238,language,afro1255,family,xd487
xd527,mey,6,hass1238,language,afro1255,family,xd527
xd497,mey,6,hass1238,language,afro1255,family,xd497
xd1243,mez,1,meno1252,language,algi1248,family,xd1243
xd289,mfq,1,moba1244,language,atla1278,family,xd289
xd376,mfz,1,maba1273,language,nilo1247,family,xd376
xd364,mgd,1,moru1253,language,cent2225,family,xd364
xd181,mgo,1,meta1238,language,atla1278,family,xd181
xd70,mgr,1,mamb1296,language,atla1278,family,xd70
xd65,mgs,1,mand1423,language,atla1278,family,xd65
xd798,mgu,1,mail1248,language,mail1249,family,xd798
xd120,mgz,1,mbug1242,language,atla1278,family,xd120
xd363,mhi,1,madi1260,language,cent2225,family,xd363
xd606,mhj,1,mogh1245,language,mong1329,family,xd606
xd170,mhk,1,mung1266,language,atla1278,family,xd170
xd752,mhp,1,bali1279,language,aust1307,family,xd752
xd1225,mhq,1,mand1446,language,siou1252,family,xd1225
xd568,mhr,1,east2328,language,ural1272,family,xd568
xd1238,mia,1,miam1252,language,algi1248,family,xd1238
xd1058,mic,1,mikm1235,language,algi1248,family,xd1058
xd1251,mik,1,mika1239,language,musk1252,family,xd1251
xd755,min,1,mina1268,language,aust1307,family,xd755
xd1325,miq,1,misk1235,language,misu1242,family,xd1325
xd610,mjg,1,tuuu1240,language,mong1329,family,xd610
xd641,mji,1,kimm1245,language,hmon1336,family,xd641
xd905,mjp,1,mala1468,language,drav1251,family,xd905
xd704,mjw,1,karb1241,language,sino1245,family,xd704
xd297,mlq,1,west2500,language,mand1469,family,xd297
xd866,mmg,1,nort2839,language,aust1307,family,xd866
xd677,mmk,1,mukh1238,language,drav1251,family,xd677
xd646,mnc,1,manc1252,language,tung1282,family,xd646
xd724,mng,1,east2333,language,aust1305,family,xd724
xd1164,mnr,4,mono1275,language,utoa1244,family,xd1164
xd1122,mnr,4,mono1275,language,utoa1244,family,xd1122
xd993,mnr,4,mono1275,language,utoa1244,family,xd993
xd1162,mnr,4,mono1275,language,utoa1244,family,xd1162
xd623,mns,1,mans1258,language,ural1272,family,xd623
xd877,mnv,1,renn1242,language,aust1307,family,xd877
xd1048,moe,1,mont1268,language,algi1248,family,xd1048
xd371,mor,1,moro1285,language,heib1242,family,xd371
xd285,mos,1,moss1236,language,atla1278,family,xd285
xd1272,mov,1,moha1256,language,coch1271,family,xd1272
xd851,mox,1,moli1248,language,aust1307,family,xd851
xd948,mpb,1,mull1237,language,nort1547,family,xd948
xd958,mpj,1,mart1256,language,pama1250,family,xd958
xd391,mqu,1,mand1425,language,nilo1247,family,xd391
xd909,mra,1,mlab1235,language,aust1305,family,xd909
xd1281,mrc,1,mari1440,language,coch1271,family,xd1281
xd710,mrh,1,mara1382,language,sino1245,family,xd710
xd891,mri,1,maor1246,language,aust1307,family,xd891
xd825,mrl,1,mort1237,language,aust1307,family,xd825
xd892,mrq,1,nort2845,language,aust1307,family,xd892
xd332,mrt,1,marg1265,language,afro1255,family,xd332
xd896,mrv,1,mang1401,language,aust1307,family,xd896
xd720,mtq,1,muon1246,language,aust1305,family,xd720
xd862,mtt,1,mota1237,language,aust1307,family,xd862
xd343,mua,1,mund1325,language,atla1278,family,xd343
xd347,mug,1,musg1254,language,afro1255,family,xd347
xd1252,mus,1,cree1270,language,musk1252,family,xd1252
xd806,mva,1,mana1295,language,aust1307,family,xd806
xd1099,mvb,1,matt1238,language,atha1245,family,xd1099
xd642,mvi,1,miya1259,language,japo1237,family,xd642
xd603,mvy,1,indu1241,language,indo1319,family,xd603
xd782,mwf,1,murr1258,language,sout2772,family,xd782
xd82,mwn,1,nyam1275,language,atla1278,family,xd82
xd937,mwp,1,kala1377,language,pama1250,family,xd937
xd728,mwt,1,moke1242,language,aust1307,family,xd728
xd756,mwv,1,ment1249,language,aust1307,family,xd756
xd709,mya,1,nucl1310,language,sino1245,family,xd709
xd167,mye,1,myen1241,language,atla1278,family,xd167
xd1084,myh,1,maka1318,language,waka1280,family,xd1084
xd268,myk,1,mama1271,language,atla1278,family,xd268
xd393,mym,1,meen1242,language,surm1244,family,xd393
xd434,myo,1,anfi1235,language,gong1255,family,xd434
xd1353,myu,1,mund1330,language,tupi1275,family,xd1353
xd552,myv,1,erzy1239,language,ural1272,family,xd552
xd126,myx,1,masa1299,language,atla1278,family,xd126
xd501,mzb,1,tumz1238,language,afro1255,family,xd501
xd322,mzm,1,nucl1240,language,atla1278,family,xd322
xd353,mzv,1,manz1243,language,atla1278,family,xd353
xd1401,nab,1,sout2994,language,namb1299,family,xd1401
xd859,nak,1,naka1262,language,aust1307,family,xd859
xd649,nan,1,minn1241,language,sino1245,family,xd649
xd532,nap,1,neap1235,language,indo1319,family,xd532
xd4,naq,2,dama1270,dialect,khoe1240,family,xd4
xd3,naq,2,nama1265,dialect,khoe1240,family,xd3
xd336,nar,1,igut1238,language,atla1278,family,xd336
xd828,nau,1,naur1243,language,aust1307,family,xd828
xd1279,nav,1,nava1243,language,atha1245,family,xd1279
xd975,nay,1,narr1259,language,pama1250,family,xd975
xd352,nbm,1,ngba1284,language,atla1278,family,xd352
xd856,ncf,1,nots1237,language,aust1307,family,xd856
xd1301,nci,1,clas1250,language,utoa1244,family,xd1301
xd18,ndc,1,ndau1241,language,atla1278,family,xd18
xd318,ndi,1,samb1305,language,atla1278,family,xd318
xd316,ndr,1,ndoo1241,language,atla1278,family,xd316
xd234,neb,1,tour1242,language,mand1469,family,xd234
xd625,neg,1,negi1245,language,tung1282,family,xd625
xd1153,nez,1,nezp1238,language,saha1239,family,xd1153
xd355,ngb,1,nort2774,language,atla1278,family,xd355
xd159,ngc,2,binj1250,dialect,atla1278,family,xd159
xd935,ngh,1,nuuu1241,language,tuuu1241,family,xd935
xd479,ngi,1,ngiz1242,language,afro1255,family,xd479
xd75,ngo,1,ngon1269,language,atla1278,family,xd75
xd122,ngp,1,ngul1246,language,atla1278,family,xd122
xd1308,nhn,1,cent2132,language,utoa1244,family,xd1308
xd7,nhr,1,naro1249,language,khoe1240,family,xd7
xd620,nio,1,ngan1291,language,ural1272,family,xd620
xd412,niq,1,nand1266,language,nilo1247,family,xd412
xd888,niu,1,niue1239,language,aust1307,family,xd888
xd707,njh,1,loth1237,language,sino1245,family,xd707
xd700,njm,1,anga1288,language,sino1245,family,xd700
xd701,njo,1,aona1235,language,sino1245,family,xd701
xd976,nju,1,ngad1258,language,pama1250,family,xd976
xd161,njy,1,njye1238,language,atla1278,family,xd161
xd272,nku,1,boun1243,language,atla1278,family,xd272
xd541,nld,1,dutc1256,language,indo1319,family,xd541
xd163,nmg,1,kwas1243,language,atla1278,family,xd163
xd934,nmn,1,huaa1248,language,tuuu1241,family,xd934
xd280,nnw,1,sout2795,language,atla1278,family,xd280
xd1107,nol,1,wint1259,language,wint1258,family,xd1107
xd702,nre,1,sout2732,language,sino1245,family,xd702
xd1063,nsk,1,nask1242,language,algi1248,family,xd1063
xd703,nsm,1,sumi1235,language,sino1245,family,xd703
xd15,nso,2,lobe1242,dialect,atla1278,family,xd15
xd16,nso,2,tswe1238,dialect,atla1278,family,xd16
xd1111,nsz,1,nise1244,language,maid1262,family,xd1111
xd965,ntj,1,ngaa1240,language,pama1250,family,xd965
xd1294,ntp,1,nort2959,language,utoa1244,family,xd1294
xd875,ntu,1,natu1246,language,aust1307,family,xd875
xd1070,nuk,1,nuuc1236,language,waka1280,family,xd1070
xd242,nup,1,nupe1254,language,atla1278,family,xd242
xd406,nus,1,nuer1246,language,nilo1247,family,xd406
xd944,nuy,1,nung1290,language,gunw1250,family,xd944
xd863,nwi,1,sout2869,language,aust1307,family,xd863
xd34,nya,2,chew1246,dialect,atla1278,family,xd34
xd64,nya,2,nucl1395,dialect,atla1278,family,xd64
xd101,nyf,1,giry1241,language,atla1278,family,xd101
xd374,nyi,1,amas1236,language,nyim1244,family,xd374
xd30,nyk,1,nyan1305,language,atla1278,family,xd30
xd88,nym,1,nyam1276,language,atla1278,family,xd88
xd115,nyn,1,nyan1307,language,atla1278,family,xd115
xd87,nyo,1,nyor1246,language,atla1278,family,xd87
xd83,nyy,2,ngon1268,dialect,atla1278,family,xd83
xd123,nyy,2,nyak1261,dialect,atla1278,family,xd123
xd315,nza,1,tigo1236,language,atla1278,family,xd315
xd627,oaa,1,orok1265,language,tung1282,family,xd627
xd629,oac,1,oroc1248,language,tung1282,family,xd629
xd1049,ojb,4,alba1270,dialect,algi1248,family,xd1049
xd1050,ojb,4,lacs1238,dialect,algi1248,family,xd1050
xd1229,ojb,4,lake1257,dialect,algi1248,family,xd1229
xd1053,ojb,4,rain1239,dialect,algi1248,family,xd1053
xd1051,ojc,1,cent2136,language,algi1248,family,xd1051
xd1055,ojg,1,east2542,language,algi1248,family,xd1055
xd1003,ojs,3,seve1241,dialect,algi1248,family,xd1003
xd1006,ojs,3,seve1241,dialect,algi1248,family,xd1006
xd1004,ojs,3,wini1244,dialect,algi1248,family,xd1004
xd884,ojv,1,onto1237,language,aust1307,family,xd884
xd1213,ojw,1,west1510,language,algi1248,family,xd1213
xd1174,oka,3,sanp1257,dialect,sali1255,family,xd1174
xd1001,oka,3,sout2963,dialect,sali1255,family,xd1001
xd1147,oka,3,sout2963,dialect,sali1255,family,xd1147
xd823,okv,1,orok1269,language,nucl1709,family,xd823
xd98,old,1,moch1256,language,atla1278,family,xd98
xd556,olo,1,livv1243,language,ural1272,family,xd556
xd1237,oma,2,omah1248,dialect,siou1252,family,xd1237
xd1232,oma,2,ponc1241,dialect,siou1252,family,xd1232
xd1385,ona,1,onaa1245,language,chon1288,family,xd1385
xd1291,ood,2,akim1239,dialect,utoa1244,family,xd1291
xd1287,ood,2,toho1246,dialect,utoa1244,family,xd1287
xd902,oon,1,onge1236,language,jara1244,family,xd902
xd1293,opt,1,opat1246,language,utoa1244,family,xd1293
xd915,orh,1,oroq1238,language,tung1282,family,xd915
xd817,oro,1,orok1267,language,nucl1580,family,xd817
xd582,oss,1,osse1243,language,indo1319,family,xd582
xd1299,ote,1,mezq1235,language,otom1299,family,xd1299
xd338,otr,1,otor1240,language,heib1242,family,xd338
xd1057,otw,1,otta1242,language,algi1248,family,xd1057
xd931,oun,1,oung1238,language,kxaa1236,family,xd931
xd1404,pab,1,pare1272,language,araw1281,family,xd1404
xd1200,pao,11,bann1248,dialect,utoa1244,family,xd1200
xd1156,pao,11,nort1551,dialect,utoa1244,family,xd1156
xd994,pao,11,nort1551,dialect,utoa1244,family,xd994
xd1157,pao,11,nort1551,dialect,utoa1244,family,xd1157
xd1158,pao,11,nort1551,dialect,utoa1244,family,xd1158
xd1154,pao,11,nort1551,dialect,utoa1244,family,xd1154
xd1155,pao,11,nort1551,dialect,utoa1244,family,xd1155
xd1160,pao,11,sout2967,dialect,utoa1244,family,xd1160
xd989,pao,11,sout2967,dialect,utoa1244,family,xd989
xd1161,pao,11,sout2967,dialect,utoa1244,family,xd1161
xd992,pao,11,sout2967,dialect,utoa1244,family,xd992
xd1167,par,3,pana1305,language,utoa1244,family,xd1167
xd1165,par,3,pana1305,language,utoa1244,family,xd1165
xd1166,par,3,pana1305,language,utoa1244,family,xd1166
xd824,pau,1,pala1344,language,aust1307,family,xd824
xd1240,paw,1,pawn1254,language,cadd1255,family,xd1240
xd1330,pbg,1,para1316,language,araw1281,family,xd1330
xd1339,pbh,1,enap1235,language,cari1283,family,xd1339
xd330,pbi,1,park1239,language,afro1255,family,xd330
xd256,pbo,1,pape1239,language,atla1278,family,xd256
xd601,pbu,2,yusu1238,dialect,indo1319,family,xd601
xd910,pcf,1,pali1274,language,drav1251,family,xd910
xd1116,peb,1,east2545,language,pomo1273,family,xd1116
xd1290,pei,1,chic1272,language,otom1299,family,xd1290
xd1115,pej,1,nort2966,language,pomo1273,family,xd1115
xd44,pem,1,phen1239,language,atla1278,family,xd44
xd1117,peq,1,sout2984,language,pomo1273,family,xd1117
xd605,pes,2,bass1257,dialect,indo1319,family,xd605
xd1351,pid,1,piar1243,language,sali1297,family,xd1351
xd1343,pio,1,piap1246,language,araw1281,family,xd1343
xd960,piu,1,pint1250,language,pama1250,family,xd960
xd89,piw,1,pimb1238,language,atla1278,family,xd89
xd967,pjt,1,pitj1243,language,pama1250,family,xd967
xd102,pkb,1,poko1261,language,atla1278,family,xd102
xd399,pko,2,east2420,dialect,nilo1247,family,xd399
xd402,pko,2,west2492,dialect,nilo1247,family,xd402
xd882,pkp,1,puka1242,language,aust1307,family,xd882
xd687,plt,3,bets1235,dialect,aust1307,family,xd687
xd688,plt,3,meri1243,dialect,aust1307,family,xd688
xd689,plt,3,tana1285,dialect,aust1307,family,xd689
xd1355,plu,1,pali1279,language,araw1281,family,xd1355
xd900,plw,1,broo1239,language,aust1307,family,xd900
xd894,pmt,1,tuam1242,language,aust1307,family,xd894
xd890,pnh,1,penr1237,language,aust1307,family,xd890
xd1317,poc,1,poqo1253,language,maya1287,family,xd1317
xd145,pof,1,poke1238,language,atla1278,family,xd145
xd1302,poi,1,high1276,language,mixe1284,family,xd1302
xd836,pon,1,pohn1238,language,aust1307,family,xd836
xd539,por,2,braz1246,dialect,indo1319,family,xd539
xd529,por,2,gali1257,dialect,indo1319,family,xd529
xd1059,pot,1,pota1247,language,algi1248,family,xd1059
xd712,pub,1,puru1266,language,sino1245,family,xd712
xd1121,pwi,1,patw1250,language,wint1258,family,xd1121
xd746,pwn,1,paiw1248,language,aust1307,family,xd746
xd734,pyu,1,puyu1239,language,aust1307,family,xd734
xd919,q9j,1,calu1239,language,uncl1493,family,xd919
xd1313,quc,1,kich1262,language,maya1287,family,xd1313
xd1077,qui,1,quil1240,language,chim1311,family,xd1077
xd1085,qun,1,quin1251,language,sali1255,family,xd1085
xd1374,quz,1,cusc1236,language,quec1387,family,xd1374
xd599,qxq,1,qash1240,language,turk1311,family,xd599
xd717,rad,1,rade1240,language,aust1307,family,xd717
xd1412,ram,1,cane1242,language,nucl1710,family,xd1412
xd898,rap,1,rapa1244,language,aust1307,family,xd898
xd889,rar,1,raro1241,language,aust1307,family,xd889
xd304,res,1,resh1242,language,atla1278,family,xd304
xd521,rif,1,tari1263,language,afro1255,family,xd521
xd94,rim,1,nyat1246,language,atla1278,family,xd94
xd893,rkh,1,raka1237,language,aust1307,family,xd893
xd715,rki,1,rakh1245,language,sino1245,family,xd715
xd547,ron,2,baya1254,dialect,indo1319,family,xd547
xd563,ron,2,mold1247,dialect,indo1319,family,xd563
xd872,rtm,1,rotu1241,language,aust1307,family,xd872
xd81,ruf,1,lugu1238,language,atla1278,family,xd81
xd184,run,1,rund1242,language,atla1278,family,xd184
xd548,rus,1,russ1263,language,indo1319,family,xd548
xd127,rwm,1,amba1263,language,atla1278,family,xd127
xd963,rxw,1,karr1236,language,pama1250,family,xd963
xd640,rys,1,yaey1239,language,japo1237,family,xd640
xd650,ryu,1,cent2126,language,japo1237,family,xd650
xd1241,sac,1,mesk1242,language,algi1248,family,xd1241
xd628,sah,1,yaku1245,language,turk1311,family,xd628
xd665,san,1,sans1269,language,indo1319,family,xd665
xd405,saq,1,samb1315,language,nilo1247,family,xd405
xd661,sat,1,sant1410,language,aust1305,family,xd661
xd869,sax,1,saaa1241,language,aust1307,family,xd869
xd860,sbb,1,simb1256,language,aust1307,family,xd860
xd84,sbk,1,safw1238,language,atla1278,family,xd84
xd91,sbp,1,sang1330,language,atla1278,family,xd91
xd1009,scs,3,nort2942,language,atha1245,family,xd1009
xd1007,scs,3,nort2942,language,atha1245,family,xd1007
xd1033,scs,3,nort2942,language,atha1245,family,xd1033
xd767,sda,1,tora1261,language,aust1307,family,xd767
xd42,sdj,1,suun1239,language,atla1278,family,xd42
xd721,sea,1,sema1266,language,aust1305,family,xd721
xd1245,see,1,sene1264,language,iroq1247,family,xd1245
xd67,seh,1,nucl1396,language,atla1278,family,xd67
xd1044,sek,1,seka1250,language,atha1245,family,xd1044
xd619,sel,1,selk1253,language,ural1272,family,xd619
xd1130,ser,1,serr1255,language,utoa1244,family,xd1130
xd414,sgc,1,kips1239,language,nilo1247,family,xd414
xd456,sgw,1,seba1251,language,afro1255,family,xd456
xd1358,shb,1,nina1238,language,yano1260,family,xd1358
xd54,shc,1,sond1250,language,atla1278,family,xd54
xd451,she,1,shek1245,language,dizo1235,family,xd451
xd1183,shh,18,gosi1242,dialect,utoa1244,family,xd1183
xd1182,shh,18,nort2955,dialect,utoa1244,family,xd1182
xd1180,shh,18,nort2955,dialect,utoa1244,family,xd1180
xd1185,shh,18,nort2955,dialect,utoa1244,family,xd1185
xd1181,shh,18,nort2955,dialect,utoa1244,family,xd1181
xd1201,shh,18,nort2955,dialect,utoa1244,family,xd1201
xd1177,shh,18,west2622,dialect,utoa1244,family,xd1177
xd1172,shh,18,west2622,dialect,utoa1244,family,xd1172
xd988,shh,18,west2622,dialect,utoa1244,family,xd988
xd1168,shh,18,west2622,dialect,utoa1244,family,xd1168
xd1169,shh,18,west2622,dialect,utoa1244,family,xd1169
xd1171,shh,18,west2622,dialect,utoa1244,family,xd1171
xd995,shh,18,west2622,dialect,utoa1244,family,xd995
xd1175,shh,18,west2622,dialect,utoa1244,family,xd1175
xd1176,shh,18,west2622,dialect,utoa1244,family,xd1176
xd1178,shh,18,west2622,dialect,utoa1244,family,xd1178
xd1170,shh,18,west2622,dialect,utoa1244,family,xd1170
xd1179,shh,18,west2622,dialect,utoa1244,family,xd1179
xd493,shi,2,susi1238,dialect,afro1255,family,xd493
xd523,shi,2,susi1238,dialect,afro1255,family,xd523
xd380,shk,1,shil1265,language,nilo1247,family,xd380
xd1373,shp,1,ship1254,language,pano1256,family,xd1373
xd131,shr,1,shii1238,language,atla1278,family,xd131
xd1143,shs,1,shus1248,language,sali1255,family,xd1143
xd1093,sht,1,shas1239,language,shas1238,family,xd1093
xd463,shu,2,bath1248,dialect,afro1255,family,xd463
xd465,shu,2,char1283,dialect,afro1255,family,xd465
xd526,shy,1,tach1249,language,afro1255,family,xd526
xd422,sid,1,sida1246,language,afro1255,family,xd422
xd278,sil,1,tumu1242,language,atla1278,family,xd278
xd692,sin,1,sinh1246,language,indo1319,family,xd692
xd841,siw,1,siwa1245,language,sout2948,family,xd841
xd500,siz,1,siwi1239,language,afro1255,family,xd500
xd1233,sjw,1,shaw1249,language,algi1248,family,xd1233
xd694,skg,1,saka1291,language,aust1307,family,xd694
xd49,skt,1,saka1287,language,atla1278,family,xd49
xd1076,slh,1,sout2965,language,sali1255,family,xd1076
xd769,slp,1,lama1277,language,aust1307,family,xd769
xd768,slu,1,sela1259,language,aust1307,family,xd768
xd23,smd,1,sama1300,language,atla1278,family,xd23
xd544,smj,1,lule1254,language,ural1272,family,xd544
xd876,smo,2,samo1305,language,aust1307,family,xd876
xd880,smo,2,samo1305,language,aust1307,family,xd880
xd762,smw,1,sumb1241,language,aust1307,family,xd762
xd19,sna,1,shon1251,language,atla1278,family,xd19
xd596,snd,1,sind1272,language,indo1319,family,xd596
xd261,snk,1,soni1259,language,mand1469,family,xd261
xd793,snp,1,sian1257,language,nucl1709,family,xd793
xd868,sns,1,sout2857,language,aust1307,family,xd868
xd129,sod,1,song1300,language,atla1278,family,xd129
xd416,som,2,nort3051,dialect,afro1255,family,xd416
xd426,som,2,nort3051,dialect,afro1255,family,xd426
xd50,soo,1,song1299,language,atla1278,family,xd50
xd136,sop,1,song1303,language,atla1278,family,xd136
xd31,sot,1,sout2807,language,atla1278,family,xd31
xd108,soz,1,temi1247,language,atla1278,family,xd108
xd533,spa,1,stan1288,language,indo1319,family,xd533
xd1072,squ,1,squa1248,language,sali1255,family,xd1072
xd1349,srm,1,sara1340,language,indo1319,family,xd1349
xd546,srp,1,serb1264,language,indo1319,family,xd546
xd1362,srq,1,siri1273,language,tupi1275,family,xd1362
xd258,srr,1,sere1260,language,atla1278,family,xd258
xd1226,srs,1,sars1236,language,atha1245,family,xd1226
xd736,ssb,1,sout2918,language,aust1307,family,xd736
xd21,ssw,1,swat1243,language,atla1278,family,xd21
xd1074,str,1,stra1244,language,sali1255,family,xd1074
xd41,sub,1,suku1259,language,atla1278,family,xd41
xd90,suk,1,suku1261,language,atla1278,family,xd90
xd396,suq,1,suri1267,language,surm1244,family,xd396
xd262,sus,1,susu1250,language,mand1469,family,xd262
xd117,suw,1,sumb1240,language,atla1278,family,xd117
xd585,sva,1,svan1243,language,kart1248,family,xd585
xd76,swh,2,baju1245,dialect,atla1278,family,xd76
xd97,swh,2,pemb1239,dialect,atla1278,family,xd97
xd846,swp,1,suau1242,language,aust1307,family,xd846
xd744,syb,1,cent2089,language,aust1307,family,xd744
xd1354,taf,1,tapi1254,language,tupi1275,family,xd1354
xd897,tah,1,tahi1242,language,aust1307,family,xd897
xd678,tam,1,tami1289,language,drav1251,family,xd678
xd737,tao,1,yami1254,language,aust1307,family,xd737
xd61,tap,2,shil1264,dialect,atla1278,family,xd61
xd490,taq,3,tadh1242,dialect,afro1255,family,xd490
xd502,taq,3,timb1263,dialect,afro1255,family,xd502
xd491,taq,3,timb1263,dialect,afro1255,family,xd491
xd1286,tar,1,cent2131,language,utoa1244,family,xd1286
xd558,tat,2,midd1325,dialect,turk1311,family,xd558
xd561,tat,2,west2405,dialect,turk1311,family,xd561
xd1026,tau,1,uppe1437,language,atha1245,family,xd1026
xd732,tay,1,atay1247,language,aust1307,family,xd732
xd370,tbi,1,gaam1241,language,east2386,family,xd370
xd747,tbw,1,tagb1258,language,aust1307,family,xd747
xd290,tbz,1,dita1238,language,atla1278,family,xd290
xd1366,tca,1,ticu1245,language,ticu1244,family,xd1366
xd404,tcc,1,dato1239,language,nilo1247,family,xd404
xd680,tcx,1,toda1252,language,drav1251,family,xd680
xd699,tcz,1,thad1238,language,sino1245,family,xd699
xd693,tdx,1,tand1256,language,aust1307,family,xd693
xd1386,teh,1,tehu1242,language,chon1288,family,xd1386
xd673,tel,1,telu1262,language,drav1251,family,xd673
xd238,tem,1,timn1235,language,atla1278,family,xd238
xd384,teo,1,teso1249,language,nilo1247,family,xd384
xd1389,ter,1,tere1279,language,araw1281,family,xd1389
xd765,tet,1,tetu1245,language,aust1307,family,xd765
xd1270,tew,3,hano1247,dialect,kiow1265,family,xd1270
xd1261,tew,3,hano1247,dialect,kiow1265,family,xd1261
xd1277,tew,3,sant1421,dialect,kiow1265,family,xd1277
xd373,tey,1,tuli1249,language,kadu1256,family,xd373
xd1042,tfn,1,tana1289,language,atha1245,family,xd1042
xd731,tha,1,thai1261,language,taik1256,family,xd731
xd1142,thp,1,thom1243,language,sali1255,family,xd1142
xd1043,tht,1,tahl1239,language,atha1245,family,xd1043
xd506,thv,2,hogg1238,dialect,afro1255,family,xd506
xd508,tia,1,tidi1241,language,afro1255,family,xd508
xd372,tic,1,tira1254,language,heib1242,family,xd372
xd444,tig,2,mans1267,dialect,afro1255,family,xd444
xd446,tig,2,mans1267,dialect,afro1255,family,xd446
xd177,tik,2,band1349,dialect,atla1278,family,xd177
xd180,tik,2,tige1238,dialect,atla1278,family,xd180
xd1080,til,1,till1254,language,sali1255,family,xd1080
xd437,tir,1,tigr1271,language,afro1255,family,xd437
xd320,tiv,1,tivv1240,language,atla1278,family,xd320
xd1260,tix,1,sout2961,language,kiow1265,family,xd1260
xd977,tjw,1,west2443,language,pama1250,family,xd977
xd695,tkg,1,tesa1236,language,aust1307,family,xd695
xd885,tkl,1,toke1240,language,aust1307,family,xd885
xd881,tkp,1,tiko1237,language,aust1307,family,xd881
xd760,tlb,1,tobe1252,language,nort2923,family,xd760
xd1082,tli,1,tlin1245,language,atha1245,family,xd1082
xd144,tll,1,tete1250,language,atla1278,family,xd144
xd814,tmj,1,sama1240,language,kwer1242,family,xd814
xd590,tmr,1,jewi1240,language,afro1255,family,xd590
xd1333,tnq,1,tain1254,language,araw1281,family,xd1333
xd1395,tob,1,toba1269,language,guai1249,family,xd1395
xd188,tod,1,toma1245,language,mand1469,family,xd188
xd37,tog,1,tong1321,language,atla1278,family,xd37
xd56,toi,1,tong1318,language,atla1278,family,xd56
xd1103,tol,1,tolo1259,language,atha1245,family,xd1103
xd878,ton,1,tong1325,language,aust1307,family,xd878
xd400,toq,1,topo1242,language,nilo1247,family,xd400
xd1303,tos,1,high1243,language,toto1251,family,xd1303
xd1284,tow,1,jeme1245,language,kiow1265,family,xd1284
xd1416,tpn,1,tupi1273,language,tupi1275,family,xd1416
xd855,tpz,1,tinp1237,language,aust1307,family,xd855
xd1414,tqb,1,temb1276,language,tupi1275,family,xd1414
xd1141,tqn,1,teni1238,language,saha1239,family,xd1141
xd423,tsb,1,tsam1247,language,afro1255,family,xd423
xd1104,tsi,1,nucl1649,language,tsim1258,family,xd1104
xd14,tsn,1,tswa1253,language,atla1278,family,xd14
xd27,tso,1,tson1249,language,atla1278,family,xd27
xd40,tsv,1,tsog1243,language,atla1278,family,xd40
xd1307,tsz,1,pure1242,language,tara1323,family,xd1307
xd118,ttj,1,toor1238,language,atla1278,family,xd118
xd1012,ttm,1,nort2941,language,atha1245,family,xd1012
xd505,ttq,2,ioul1238,dialect,afro1255,family,xd505
xd488,ttq,2,tawa1287,dialect,afro1255,family,xd488
xd483,ttr,1,tera1251,language,afro1255,family,xd483
xd861,ttv,1,tita1241,language,aust1307,family,xd861
xd1118,tub,1,tuba1278,language,utoa1244,family,xd1118
xd349,tui,1,tupu1244,language,atla1278,family,xd349
xd613,tuk,1,turk1304,language,turk1311,family,xd613
xd62,tum,1,tumb1250,language,atla1278,family,xd62
xd1365,tuo,1,tuca1252,language,tuca1253,family,xd1365
xd498,tuq,1,teda1241,language,saha1256,family,xd498
xd581,tur,1,nucl1301,language,turk1311,family,xd581
xd1092,tuu,1,tutu1242,language,atha1245,family,xd1092
xd410,tuv,1,turk1308,language,nilo1247,family,xd410
xd844,tva,1,vagh1249,language,aust1307,family,xd844
xd883,tvl,1,tuva1244,language,aust1307,family,xd883
xd173,tvu,1,tune1261,language,atla1278,family,xd173
xd1079,twa,1,twan1247,language,sali1255,family,xd1079
xd1285,twf,2,picu1240,dialect,kiow1265,family,xd1285
xd1282,twf,2,taos1236,dialect,kiow1265,family,xd1282
xd766,twu,1,term1237,language,aust1307,family,xd766
xd933,tyu,1,kuaa1238,language,khoe1240,family,xd933
xd1318,tzh,1,tzel1254,language,maya1287,family,xd1318
xd525,tzm,1,cent2194,language,afro1255,family,xd525
xd787,ubu,1,umbu1258,language,nucl1709,family,xd787
xd630,ude,1,udih1248,language,tung1282,family,xd630
xd550,udm,2,nort2676,dialect,ural1272,family,xd550
xd564,udm,2,sout2681,dialect,ural1272,family,xd564
xd571,ukr,2,east2270,dialect,indo1319,family,xd571
xd557,ukr,2,sout2604,dialect,indo1319,family,xd557
xd626,ulc,1,ulch1241,language,tung1282,family,xd626
xd840,uli,1,ulit1238,language,aust1307,family,xd840
xd790,ulk,1,meri1244,language,east2503,family,xd790
xd1151,uma,1,umat1237,language,saha1239,family,xd1151
xd1405,umo,1,umot1240,language,boro1281,family,xd1405
xd945,ump,1,umpi1239,language,pama1250,family,xd945
xd979,unn,1,gana1278,language,pama1250,family,xd979
xd684,unr,1,mund1320,language,aust1305,family,xd684
xd1382,ure,1,uruu1244,language,uruc1242,family,xd1382
xd1190,ute,15,chem1251,dialect,utoa1244,family,xd1190
xd1189,ute,15,sout2969,dialect,utoa1244,family,xd1189
xd1187,ute,15,sout2969,dialect,utoa1244,family,xd1187
xd1192,ute,15,sout2969,dialect,utoa1244,family,xd1192
xd1188,ute,15,sout2969,dialect,utoa1244,family,xd1188
xd1184,ute,15,utee1244,dialect,utoa1244,family,xd1184
xd1197,ute,15,utee1244,dialect,utoa1244,family,xd1197
xd1195,ute,15,utee1244,dialect,utoa1244,family,xd1195
xd1193,ute,15,utee1244,dialect,utoa1244,family,xd1193
xd1186,ute,15,utee1244,dialect,utoa1244,family,xd1186
xd1152,ute,15,utee1244,dialect,utoa1244,family,xd1152
xd1198,ute,15,utee1244,dialect,utoa1244,family,xd1198
xd1194,ute,15,utee1244,dialect,utoa1244,family,xd1194
xd1199,ute,15,utee1244,dialect,utoa1244,family,xd1199
xd991,ute,15,utee1244,dialect,utoa1244,family,xd991
xd616,uzn,1,nort2690,language,turk1311,family,xd616
xd281,vag,1,vagl1239,language,atla1278,family,xd281
xd239,vai,1,vaii1241,language,mand1469,family,xd239
xd690,ved,1,vedd1240,language,indo1319,family,xd690
xd29,ven,1,vend1245,language,atla1278,family,xd29
xd565,vep,1,veps1250,language,ural1272,family,xd565
xd323,ver,1,momj1237,language,atla1278,family,xd323
xd726,vie,1,viet1252,language,aust1305,family,xd726
xd780,vka,1,kari1304,language,pama1250,family,xd780
xd1110,vmv,1,vall1252,language,maid1262,family,xd1110
xd324,vor,1,voro1240,language,atla1278,family,xd324
xd566,vot,1,voti1245,language,ural1272,family,xd566
xd335,vut,1,vute1244,language,atla1278,family,xd335
xd1150,wac,1,wasc1239,language,chin1490,family,xd1150
xd1119,wao,1,wapp1239,language,yuki1242,family,xd1119
xd1348,wap,1,wapi1253,language,araw1281,family,xd1348
xd1359,waw,1,waiw1244,language,cari1283,family,xd1359
xd1340,way,1,waya1269,language,cari1283,family,xd1340
xd773,wbp,1,warl1254,language,pama1250,family,xd773
xd959,wbt,1,wanm1242,language,pama1250,family,xd959
xd1356,wca,1,yano1262,language,yano1260,family,xd1356
xd972,wgu,1,wira1265,language,pama1250,family,xd972
xd1239,wic,1,wich1260,language,cadd1255,family,xd1239
xd781,wim,1,wikm1247,language,pama1250,family,xd781
xd1236,win,1,hoch1243,language,siou1252,family,xd1236
xd849,wiv,1,mudu1242,language,aust1307,family,xd849
xd1097,wiy,1,wiyo1248,language,algi1248,family,xd1097
xd1098,wlk,2,wail1244,language,atha1245,family,xd1098
xd1100,wlk,2,wail1244,language,atha1245,family,xd1100
xd545,wln,1,wall1255,language,indo1319,family,xd545
xd879,wls,1,wall1257,language,aust1307,family,xd879
xd1388,wlv,1,wich1263,language,mata1289,family,xd1388
xd796,wnc,1,want1252,language,nucl1709,family,xd796
xd1112,wnw,1,wint1259,language,wint1258,family,xd1112
xd818,woc,1,woge1237,language,aust1307,family,xd818
xd831,woe,2,lamo1243,dialect,aust1307,family,xd831
xd835,woe,2,nucl1479,dialect,aust1307,family,xd835
xd469,wol,1,nucl1347,language,atla1278,family,xd469
xd955,wrg,1,waru1264,language,pama1250,family,xd955
xd949,wro,1,worr1237,language,worr1236,family,xd949
xd820,wrp,1,waro1242,language,aust1307,family,xd820
xd942,wub,1,wuna1249,language,worr1236,family,xd942
xd643,wuu,1,wuch1236,language,sino1245,family,xd643
xd845,wuv,1,wuvu1239,language,aust1307,family,xd845
xd1244,wya,1,wyan1247,language,iroq1247,family,xd1244
xd784,wyb,1,wang1291,language,pama1250,family,xd784
xd961,x01,1,tempxx01,language,pama1250,family,xd961
xd962,x02,1,tempxx02,language,pama1250,family,xd962
xd971,x03,1,tempxx03,language,pama1250,family,xd971
xd978,x04,1,woiw1237,language,pama1250,family,xd978
xd659,xac,1,kach1279,language,sino1245,family,xd659
xd574,xal,1,kalm1243,language,mong1329,family,xd574
xd8,xam,1,xamm1241,language,tuuu1241,family,xd8
xd1409,xav,1,xava1240,language,nucl1710,family,xd1409
xd1126,xaw,1,kawa1283,language,utoa1244,family,xd1126
xd1371,xba,1,kamb1287,language,book1242,family,xd1371
xd771,xbr,1,kamb1299,language,aust1307,family,xd771
xd936,xeg,1,xegw1238,language,tuuu1241,family,xd936
xd1410,xer,1,xere1240,language,nucl1710,family,xd1410
xd921,xet,1,xeta1241,language,tupi1275,family,xd921
xd1128,xgf,1,tong1329,language,utoa1244,family,xd1128
xd24,xho,3,bomv1238,dialect,atla1278,family,xd24
xd11,xho,3,mpon1252,dialect,atla1278,family,xd11
xd12,xho,3,xesi1238,dialect,atla1278,family,xd12
xd742,xnn,1,nort2877,language,aust1307,family,xd742
xd507,xnz,1,kenu1236,language,nubi1251,family,xd507
xd116,xog,1,soga1242,language,atla1278,family,xd116
xd1411,xok,1,xokl1240,language,nucl1710,family,xd1411
xd377,xom,1,komo1258,language,koma1264,family,xd377
xd245,xon,1,konk1269,language,atla1278,family,xd245
xd192,xpe,1,libe1247,language,mand1469,family,xd192
xd810,xsi,1,sioo1240,language,aust1307,family,xd810
xd1034,xsl,1,sout2959,language,atha1245,family,xd1034
xd248,xsm,1,kase1253,language,atla1278,family,xd248
xd658,xsr,1,sher1255,language,sino1245,family,xd658
xd1360,xsu,1,sanu1240,language,yano1260,family,xd1360
xd914,xuj,1,jenn1240,language,drav1251,family,xd914
xd929,xuu,1,kxoe1243,language,khoe1240,family,xd929
xd1368,yad,1,yagu1244,language,peba1241,family,xd1368
xd45,yaf,1,yaka1269,language,atla1278,family,xd45
xd1149,yak,1,yaki1237,language,saha1239,family,xd1149
xd293,yal,1,yalu1240,language,mand1469,family,xd293
xd73,yao,1,yaoo1241,language,atla1278,family,xd73
xd837,yap,1,yape1248,language,aust1307,family,xd837
xd1292,yaq,1,yaqu1251,language,utoa1244,family,xd1292
xd1350,yar,1,yaba1248,language,cari1283,family,xd1350
xd219,yaz,1,loka1252,language,atla1278,family,xd219
xd312,yer,1,taro1263,language,atla1278,family,xd312
xd775,yiy,1,yiry1245,language,pama1250,family,xd775
xd51,yns,1,yans1239,language,atla1278,family,xd51
xd74,yom,1,yomb1244,language,atla1278,family,xd74
xd211,yor,3,egba1238,dialect,atla1278,family,xd211
xd212,yor,3,ekit1244,dialect,atla1278,family,xd212
xd240,yor,3,ilaa1245,dialect,atla1278,family,xd240
xd632,yrk,1,nene1249,language,ural1272,family,xd632
xd1322,yua,1,yuca1254,language,maya1287,family,xd1322
xd644,yue,1,yuec1235,language,sino1245,family,xd644
xd1163,yuf,5,hava1249,dialect,coch1271,family,xd1163
xd1202,yuf,5,wala1270,dialect,coch1271,family,xd1202
xd1274,yuf,5,yava1252,dialect,coch1271,family,xd1274
xd1204,yuf,5,yava1252,dialect,coch1271,family,xd1204
xd1203,yuf,5,yava1252,dialect,coch1271,family,xd1203
xd1113,yuk,3,yuki1243,language,yuki1242,family,xd1113
xd1114,yuk,3,yuki1243,language,yuki1242,family,xd1114
xd1138,yuk,3,yuki1243,language,yuki1242,family,xd1138
xd1273,yum,1,quec1382,language,coch1271,family,xd1273
xd1332,yup,1,yukp1241,language,cari1283,family,xd1332
xd918,yuq,1,yuqu1240,language,tupi1275,family,xd918
xd1101,yur,1,yuro1248,language,algi1248,family,xd1101
xd499,zen,1,zena1248,language,afro1255,family,xd499
xd119,zin,1,zinz1238,language,atla1278,family,xd119
xd96,ziw,1,zigu1242,language,atla1278,family,xd96
xd974,zku,1,kaur1267,language,pama1250,family,xd974
xd730,zlm,1,mala1479,language,aust1307,family,xd730
xd723,zmi,1,nege1240,language,aust1307,family,xd723
xd156,zms,1,mbes1238,language,atla1278,family,xd156
xd354,zmz,1,mban1263,language,atla1278,family,xd354
xd359,zne,1,zand1248,language,atla1278,family,xd359
xd13,zul,1,zulu1248,language,atla1278,family,xd13
